clip_index,trick_index,trick,obstacle,obstacle_detailer,stair_count,slowmo,bank,switch,line,video,year,comments
1,1,fs 180,gap,bump to gap,0,1,1,0,0,Since Day One,2011,
2,2,fs boardslide,ledge,bank to ledge,0,1,1,0,0,Since Day One,2011,
3,3,bs lipslide,rail,handrail,0,1,0,0,0,Since Day One,2011,
4,4,sw fs kickflip,stairs,0,10,1,0,1,0,Since Day One,2011,
5,5,sw bs kickflip,stairs,0,11,1,0,1,0,Since Day One,2011,
6,6,bs feeble,rail,handrail,0,1,0,0,0,Since Day One,2011,
7,7,bs lipslide,rail,bump to rail,0,1,1,0,0,Since Day One,2011,
8,8,kickflip,gap,bump to gap,0,1,1,0,0,Since Day One,2011,
9,9,sw fs bigspin,gap,bump to gap,0,1,1,1,0,Since Day One,2011,
10,10,ollie,gap,bump to gap,0,1,1,0,0,Since Day One,2011,
11,11,fs feeble,rail,handrail,12,1,0,0,0,Since Day One,2011,
12,12,nollie bs heelflip,gap,3 block,0,1,0,1,0,Since Day One,2011,
13,13,nollie kickflip,stairs,0,5 flat 5,1,0,1,0,Since Day One,2011,
14,14,ollie,stairs,over rail,12,0,0,0,0,Since Day One,2011,
15,15,wallie,wall,0,0,0,0,0,1,Since Day One,2011,
15,16,nollie kickflip,flat,0,0,0,0,1,1,Since Day One,2011,
15,17,bs lipslide,ledge,0,0,0,0,0,1,Since Day One,2011,
16,18,bs feeble to bs lipslide,rail,handrail,0,0,0,0,0,Since Day One,2011,
17,19,fs boardslide,rail,out rail,3 flat 4,0,0,0,0,Since Day One,2011,
18,20,suicide 5050,rail,handrail,8,0,0,0,0,Since Day One,2011,
19,21,kickflip,up,stairs,3,0,0,0,1,Since Day One,2011,
19,22,nollie kickflip,stairs,0,3,0,0,1,1,Since Day One,2011,
19,23,kickflip to fs boardslide,rail,handrail,8,0,0,0,1,Since Day One,2011,
20,24,nollie kickflip to bs boardslide,rail,handrail,8,0,0,1,0,Since Day One,2011,
21,25,fs tailslide to fakie,ledge,0,0,0,0,0,1,Since Day One,2011,
21,26,sw tre flip,flat,0,0,0,0,1,1,Since Day One,2011,
21,27,sw fs blunt,ledge,0,0,0,0,1,1,Since Day One,2011,
22,28,nollie to bs crook,rail,handrail,10,0,0,1,0,Since Day One,2011,
23,29,fs smith to fs 180,rail,handrail,8,0,0,0,0,Since Day One,2011,
24,30,sw fs bigspin to bs boardslide,rail,handrail,9,0,0,1,0,Since Day One,2011,
25,31,sw kickflip to sw fs boardslide,rail,handrail,7,0,0,1,0,Since Day One,2011,
26,32,360 shuv,gap,bump to bump,0,0,0,0,0,Since Day One,2011,
27,33,ollie,gap,hip,0,0,1,0,0,Since Day One,2011,
28,34,sw fs shuv,gap,0,0,0,0,1,0,Since Day One,2011,
29,35,tre flip,stairs,0,12,0,0,0,0,Since Day One,2011,
30,36,hardflip,stairs,0,13,0,0,0,0,Since Day One,2011,
31,37,kickflip,flat,0,0,0,0,0,1,Since Day One,2011,
31,38,nollie to fs nosegrind,ledge,0,0,0,0,1,1,Since Day One,2011,
31,39,nollie heelflip,flat,0,0,0,0,1,1,Since Day One,2011,
31,40,fs 180 to sw bs crook,rail,handrail,8,0,0,0,1,Since Day One,2011,
32,41,fs 180 to sw bs crook to regular,rail,into bank,0,0,1,0,1,Since Day One,2011,
32,42,bs bigspin,flat,0,0,0,0,0,1,Since Day One,2011,
32,43,fs 5050 to bs 180,rail,into bank,0,0,1,0,1,Since Day One,2011,
33,44,sw kickflip,gap,love gap,0,0,0,1,0,Since Day One,2011,
34,45,halfcab kickflip,flat,0,0,0,0,0,1,Since Day One,2011,
34,46,bs 180,gap,over rail,0,0,1,0,1,Since Day One,2011,
35,47,ollie,up,stairs,3,0,0,0,1,Since Day One,2011,
35,48,fs nosegrind,rail,0,0,0,0,0,1,Since Day One,2011,
36,49,bs smith,rail,handrail,13,0,0,0,0,Since Day One,2011,
37,50,bs boardslide,rail,bump to rail,0,0,0,0,0,Since Day One,2011,
38,51,fs smith,rail,handrail,2 flat 2,0,0,0,0,Since Day One,2011,
39,52,bs boardslide,rail,around corner,0,0,0,0,0,Since Day One,2011,
40,53,bs kickflip,gap,over rail,12,0,0,0,0,Since Day One,2011,
41,54,kickflip,stairs,0,12,0,0,0,0,Since Day One,2011,
42,55,ollie,gap,0,0,0,0,0,0,Since Day One,2011,
43,56,fakie kickflip,up,curb,0,0,0,0,1,Since Day One,2011,
43,57,sw heelflip,stairs,0,3 flat 3,0,0,1,1,Since Day One,2011,
44,58,fs 5050,rail,0,0,0,0,0,1,Since Day One,2011,
44,59,nollie tre flip,flat,0,0,0,0,1,1,Since Day One,2011,
44,60,hardflip,gap,over rail,0,0,1,0,1,Since Day One,2011,
45,61,bs lipslide,rail,handrail,14,0,0,0,0,Since Day One,2011,
46,62,bs bigspin,stairs,0,11,0,0,0,0,Since Day One,2011,
47,63,nollie bs kickflip,stairs,0,10,0,0,1,0,Since Day One,2011,
48,64,fs heelflip,stairs,0,4 flat 4,0,0,0,0,Since Day One,2011,
49,65,fs 360,stairs,0,4 flat 3,0,0,0,0,Since Day One,2011,
50,66,fs kickflip,gap,to hillbomb,0,0,1,0,0,Since Day One,2011,
51,67,kickflip to bs boardslide,rail,handrail,10,0,0,0,0,Since Day One,2011,
52,68,fs boardslide,rail,handrail,5 flat 5,0,0,0,0,Since Day One,2011,
53,68,fs boardslide,rail,handrail,6 flat 5,0,0,0,0,Since Day One,2011,
54,69,kickflip,stairs,over rail,13,0,0,0,0,Since Day One,2011,
55,70,bs 5050,rail,handrail,12,0,0,0,0,Since Day One,2011,
56,71,kickflip to fs 5050,ledge,hubba,10,1,0,0,1,Since Day One,2011,
56,72,tre flip,flat,0,0,0,0,0,1,Since Day One,2011,
57,73,heelflip,stairs,over rail,12,1,0,0,1,Since Day One,2011,
57,74,bs bigspin,flat,0,0,0,0,0,1,Since Day One,2011,
57,75,sw big heel,flat,0,0,0,0,1,1,Since Day One,2011,
58,76,fs 5-0,rail,handrail,17,0,0,0,0,Since Day One,2011,
59,77,fs feeble,rail,handrail,17,1,0,0,0,Since Day One,2011,
60,78,fs 180 to sw bs crook,ledge,hubba,11,1,0,0,0,Since Day One,2011,
61,78,fs 180 to sw bs crook,ledge,hubba,11,1,0,0,0,Since Day One,2011,
62,79,fs 270 to bs lip to regular,rail,handrail,13,0,0,0,0,Since Day One,2011,
63,79,fs 270 to bs lip to regular,rail,handrail,13,0,0,0,0,Since Day One,2011,
65,80,bs feeble to fs 180,rail,0,0,0,0,0,0,Since Day One,2011,
1,1,sw big heel,gap,0,0,1,0,1,0,Told Ya,2016,
2,2,halfcab to bs crook,rail,handrail,14,0,0,0,0,Told Ya,2016,
3,3,sw heelflip,stairs,0,7 flat 3,0,0,1,0,Told Ya,2016,
4,4,wallie to fs smith,rail,handrail,7,0,0,0,1,Told Ya,2016,
4,5,heelflip,flat,0,0,0,0,0,1,Told Ya,2016,
4,6,wallie,wall,0,0,0,0,0,1,Told Ya,2016,
5,7,fs kickflip,stairs,0,11,0,0,0,0,Told Ya,2016,
6,8,sw fs kickflip,stairs,0,11,0,0,1,0,Told Ya,2016,
7,9,tre flip,flat,0,0,0,0,0,1,Told Ya,2016,
7,10,wallie,rail,0,0,0,0,0,1,Told Ya,2016,
8,11,nollie to bs crook,rail,handrail,6,0,0,0,0,Told Ya,2016,
9,12,halfcab kickflip,stairs,0,4,0,0,0,1,Told Ya,2016,
9,13,nollie fs kickflip,stairs,0,7,0,0,1,1,Told Ya,2016,
10,14,bs 180,gap,bump to gap,0,0,0,0,0,Told Ya,2016,
11,15,bs 180 to sw bs 5-0,rail,handrail,8,0,0,0,0,Told Ya,2016,
12,16,nollie fs heelflip,stairs,0,11,0,0,1,0,Told Ya,2016,
13,17,nollie inward heel,stairs,0,8,0,0,1,0,Told Ya,2016,
14,18,fs boardslide,rail,handrail,5 flat 5,0,0,0,0,Told Ya,2016,
15,19,fs kickflip,stairs,over rail,10,0,0,0,0,Told Ya,2016,for a keg
16,20,ollie,gap,over rail,0,0,0,0,1,Told Ya,2016,
16,21,fs wallride,wall,0,0,0,0,0,1,Told Ya,2016,
16,22,fs 180,gap,over rail,0,0,0,0,1,Told Ya,2016,
16,23,fakie kickflip,flat,0,0,0,0,0,1,Told Ya,2016,
16,24,sw tre flip,flat,0,0,0,0,1,1,Told Ya,2016,
17,25,halfcab to manual to bs bigspin,manny pad,0,0,0,0,0,0,Told Ya,2016,
18,26,fs 5050,rail,handrail,5 flat 5,0,0,0,0,Told Ya,2016,
19,27,bs 5050,ledge,outledge,7 flat 3,0,0,0,0,Told Ya,2016,
20,28,fs tailslide,ledge,0,0,0,0,0,0,Told Ya,2016,with backpack
21,29,fs lipslide,rail,handrail,10,0,0,0,0,Told Ya,2016,
22,30,heelflip,up,curb,0,0,0,0,1,Told Ya,2016,
22,31,bs blunt,ledge,curb,0,0,0,0,1,Told Ya,2016,
23,32,ollie,gap,0,0,0,0,0,1,Told Ya,2016,
24,33,kickflip,gap,0,0,0,0,0,0,Told Ya,2016,
25,34,wallie,wall,to gap,0,0,0,0,0,Told Ya,2016,
26,35,fakie tre flip to sw manny,manny pad,0,0,0,0,0,0,Told Ya,2016,
27,36,bs tailslide to bs kickflip,ledge,0,0,0,0,0,1,Told Ya,2016,
27,37,fakie tre flip,flat,0,0,0,0,0,1,Told Ya,2016,
28,38,fs tailslide,ledge,0,0,0,0,0,0,Told Ya,2016,
29,39,bs crook,rail,handrail,8,0,0,0,0,Told Ya,2016,crust
30,40,bs 5050,rail,handrail,4 flat 4,0,0,0,0,Told Ya,2016,
31,40,bs 5050,rail,handrail,5 flat 4,0,0,0,0,Told Ya,2016,
32,41,fs 5050,rail,handrail to ledge,10,0,0,0,0,Told Ya,2016,
33,42,fs tailslide to fs kickflip,rail,around corner,0,0,0,0,0,Told Ya,2016,
1,1,sw bs crook to regular,rail,bank to rail,0,0,1,1,1,Push Part,2015,
1,2,bs smith,rail,0,0,0,0,0,1,Push Part,2015,
1,3,fs boardslide to fakie,rail,0,0,0,0,0,1,Push Part,2015,
2,4,fs smith,rail,handrail,3 flat 3,0,0,0,0,Push Part,2015,
3,5,fs feeble,rail,handrail,0,0,0,0,0,Push Part,2015,
4,6,bs smith,rail,handrail,0,0,0,0,0,Push Part,2015,
5,7,fs 5-0,rail,gap to rail,4 flat 4,0,0,0,0,Push Part,2015,
6,8,blunt stall to halfcab heelflip,transition,bank,0,0,1,0,0,Push Part,2015,
7,9,nollie to bs 5-0,rail,handrail,12,0,0,1,0,Push Part,2015,
8,9,nollie to bs 5-0,rail,handrail,12,0,0,1,0,Push Part,2015,
9,10,nollie bs heelflip,stairs,0,4,0,0,1,1,Push Part,2015,
9,11,kickflip to bs smith,rail,handrail,8,0,0,0,1,Push Part,2015,
10,12,tre flip to 50-50,rail,handrail,8,0,0,0,0,Push Part,2015,
11,12,tre flip to 50-51,rail,handrail,8,0,0,0,0,Push Part,2015,
12,13,fs feeble,rail,bump to rail,0,0,1,0,1,Push Part,2015,
12,14,wallie to fs 180,wall,0,0,0,0,0,1,Push Part,2015,
13,15,ollie,gap,0,0,0,0,0,0,Push Part,2015,
14,16,fs blunt,rail,bump to rail,0,0,0,0,0,Push Part,2015,
15,17,fs heelflip,gap,bump to gap,0,0,0,0,0,Push Part,2015,
16,18,nollie,up,block,0,0,0,1,1,Push Part,2015,
16,19,fs feeble,rail,0,0,0,0,0,1,Push Part,2015,
16,20,kickflip,up,stairs,4,0,0,0,1,Push Part,2015,
17,21,bs boardslide,rail,0,0,0,0,0,0,Push Part,2015,
18,22,fs noseblunt,rail,handrail,12,0,0,0,0,Push Part,2015,
19,23,kickflip to bs lipslide,rail,handrail,12,0,0,0,0,Push Part,2015,
20,24,nollie to bs crook,rail,handrail,10,0,0,1,0,Push Part,2015,
21,25,fs kickflip,gap,flat gap,0,0,0,0,0,Push Part,2015,
22,25,fs kickflip,gap,flat gap,0,0,0,0,0,Push Part,2015,
23,26,kickflip to bs crook,ledge,hubba,10,0,0,0,0,Push Part,2015,
24,27,suicide 5050,rail,0,0,0,0,0,0,Push Part,2015,
25,28,ollie,stairs,over rail,17,0,0,0,0,Push Part,2015,
26,29,bs 5050,rail,handrail,3 flat 3,0,0,0,0,Push Part,2015,
27,30,bs smith,rail,handrail,3 flat 3,1,0,0,0,Push Part,2015,
28,31,kickflip to bs 5050,rail,handrail,2 flat 6,1,0,0,0,Push Part,2015,
29,32,bs crook,rail,handrail,6 flat 6,0,0,0,0,Push Part,2015,
30,32,bs crook,rail,handrail,6 flat 6,1,0,0,0,Push Part,2015,
31,33,bs boardslide,rail,handrail,10,1,0,0,0,Push Part,2015,down and up
32,34,nollie heelflip to bs noseslide,rail,handrail,10,0,0,1,0,Push Part,2015,
33,35,heelflip to bs crook,rail,handrail,10,1,0,0,0,Push Part,2015,
34,36,ollie,gap,into bank,0,0,1,0,1,Push Part,2015,
34,37,fs kickflip,gap,euro gap,0,1,1,0,1,Push Part,2015,
35,38,sw bs crook,rail,bump to rail,0,1,1,1,0,Push Part,2015,
36,39,bs lipslide,rail,0,0,1,0,0,0,Push Part,2015,
37,40,fs lipslide,rail,handrail,7 flat 7,0,0,0,0,Push Part,2015,
1,1,nollie shuv to bs crook,ledge,0,0,0,0,1,1,Wair n Tear,2013,
1,2,sw kickflip,flat,0,0,0,0,1,1,Wair n Tear,2013,
1,3,fakie 5-0,ledge,0,0,0,0,0,1,Wair n Tear,2013,
2,4,sw heelflip to sw manny,manny pad,0,0,0,0,1,0,Wair n Tear,2013,
3,5,tre flip,gap,0,0,0,0,0,0,Wair n Tear,2013,
4,6,kickflip,stairs,over rail,4,0,0,0,0,Wair n Tear,2013,
5,7,bs 180,gap,bump to gap,0,0,1,0,0,Wair n Tear,2013,
6,8,fs wallride,transition,wall,0,0,1,0,0,Wair n Tear,2013,
7,9,sw fs heelflip,up,block,0,0,0,1,1,Wair n Tear,2013,
7,10,nollie kickflip,flat,0,0,0,0,1,1,Wair n Tear,2013,
7,11,nollie heelflip to bs tailslide to fakie,ledge,0,0,0,0,1,1,Wair n Tear,2013,
7,12,sw kickflip,stairs,0,4,0,0,1,1,Wair n Tear,2013,
8,13,ollie,gap,bump to gap,0,0,1,0,0,Wair n Tear,2013,
9,14,halfcab to bs crook,rail,handrail,9,0,0,0,0,Wair n Tear,2013,
10,15,fs kickflip,flat,over pawn,0,0,0,0,0,Wair n Tear,2013,
11,16,fs nosegrind,ledge,0,0,0,0,0,1,Wair n Tear,2013,
11,17,bs kickflip to sw bs 5-0,ledge,0,0,0,0,0,1,Wair n Tear,2013,
12,18,kickflip,up,block,0,0,0,0,1,Wair n Tear,2013,
12,19,bs crook,rail,0,0,0,0,0,1,Wair n Tear,2013,
12,20,bs tailslide,ledge,0,0,0,0,0,1,Wair n Tear,2013,
12,21,wallie,wall,bin,0,0,0,0,1,Wair n Tear,2013,
12,22,bs boardslide,rail,0,0,0,0,0,1,Wair n Tear,2013,
12,23,tre flip,flat,0,0,0,0,0,1,Wair n Tear,2013,
12,24,bs bigspin,flat,0,0,0,0,0,1,Wair n Tear,2013,
12,25,fakie kickflip,flat,0,0,0,0,0,1,Wair n Tear,2013,
13,26,kickflip to fs lipslide,ledge,0,0,0,0,0,1,Wair n Tear,2013,
14,27,fs blunt,ledge,bank to ledge,0,0,1,0,0,Wair n Tear,2013,
15,28,fs noseblunt,ledge,bank to ledge,0,0,1,0,0,Wair n Tear,2013,
16,29,kickflip to fs noseslide,ledge,bank to ledge,0,0,1,0,0,Wair n Tear,2013,
17,30,fs 180 to sw fs 5-0,rail,bump to rail,0,0,1,0,0,Wair n Tear,2013,
18,31,bs crook to sw fs 5-0,ledge,0,0,0,0,0,1,Wair n Tear,2013,
18,32,fakie kickflip,flat,0,0,0,0,0,1,Wair n Tear,2013,
19,33,fs kickflip,gap,0,0,0,0,0,0,Wair n Tear,2013,
20,34,fs boardslide to fakie,rail,0,0,0,0,0,1,Wair n Tear,2013,
20,35,halfcab kickflip,flat,0,0,0,0,0,1,Wair n Tear,2013,
20,36,bs 180,flat,0,0,0,0,0,1,Wair n Tear,2013,
20,37,fakie ollie,flat,over rail,0,0,0,0,1,Wair n Tear,2013,
21,38,bs lipslide,rail,handrail,8,0,0,0,0,Wair n Tear,2013,
22,39,kickflip to bs crook,ledge,0,0,0,0,0,1,Wair n Tear,2013,
22,40,nollie bs kickflip,flat,0,0,0,0,1,1,Wair n Tear,2013,
22,41,sw heelflip,flat,0,0,0,0,1,1,Wair n Tear,2013,
22,42,sw kickflip to sw bs crook,ledge,0,0,0,0,1,1,Wair n Tear,2013,mirror line
23,43,kickflip,up,block,0,0,0,0,1,Wair n Tear,2013,
23,44,nollie fs kickflip,gap,over bin,0,0,0,1,1,Wair n Tear,2013,
24,45,ollie,up,block,0,0,0,0,1,Wair n Tear,2013,
24,46,nollie inward heel,gap,over bin,0,0,0,1,1,Wair n Tear,2013,
25,47,sw fs heelflip,gap,bump to gap,0,0,1,1,0,Wair n Tear,2013,
26,48,nollie fs kickflip,gap,0,0,0,0,1,0,Wair n Tear,2013,
27,49,nollie bs kickflip,gap,0,0,0,0,1,0,Wair n Tear,2013,
28,50,bs lipslide,ledge,0,0,0,0,0,0,Wair n Tear,2013,
29,51,fs noseblunt,ledge,0,0,0,0,0,1,Wair n Tear,2013,
29,52,bs 180 to sw bs nosegrind to regular,ledge,0,0,0,0,0,1,Wair n Tear,2013,
30,53,bs tailslide to bs 270,ledge,outledge,0,0,0,0,0,Wair n Tear,2013,
31,54,bs tailslide to shuv,ledge,outledge,0,0,0,0,0,Wair n Tear,2013,
32,55,bs 5050,rail,handrail,9,0,0,0,0,Wair n Tear,2013,
33,56,kickflip to bs noseslide,ledge,hubba,6,0,0,0,0,Wair n Tear,2013,
34,57,nollie to fs nosegrind,rail,handrail,6,0,0,1,0,Wair n Tear,2013,
35,58,bs 5050,rail,handrail,5 flat 5,0,0,0,0,Wair n Tear,2013,
36,59,bs lipslide,rail,handrail,5 flat 5,0,0,0,0,Wair n Tear,2013,
37,60,bs 360,stairs,0,4 flat 4,0,0,0,0,Wair n Tear,2013,
38,61,bs kickfllip,stairs,0,11,0,0,0,0,Wair n Tear,2013,
39,62,sw heelflip,stairs,0,10,0,0,1,0,Wair n Tear,2013,
40,63,sw fs bigspin,gap,love gap,0,0,0,1,0,Wair n Tear,2013,
1,1,fs kickflip,stairs,0,12,0,0,0,0,Godspeed,2020,
2,2,kickflip,gap,into bank,0,0,1,0,0,Godspeed,2020,
3,3,sw fs tailslide to regular,ledge,0,0,0,0,1,1,Godspeed,2020,
3,4,bs tailslide to bs kickflip,ledge,0,0,0,0,0,1,Godspeed,2020,
4,5,heelflip,stairs,0,5 flat 5,0,0,1,0,Godspeed,2020,
5,6,ollie,up,bench,0,0,0,0,1,Godspeed,2020,
5,7,wallie,wall,0,0,0,0,0,1,Godspeed,2020,
6,8,halfcab to bs crook,ledge,0,0,0,0,0,1,Godspeed,2020,
6,9,nollie bs heelflip,flat,0,0,0,0,1,1,Godspeed,2020,
6,10,halfcab kickflip,flat,0,0,0,0,0,1,Godspeed,2020,
6,11,fs blunt to bs kickflip,ledge,0,0,0,0,0,1,Godspeed,2020,
6,12,sw tre flip,flat,0,0,0,0,1,1,Godspeed,2020,
7,13,fs shuv to bs nosegrind,ledge,0,0,0,0,0,1,Godspeed,2020,
7,14,nollie hardflip,stairs,0,6,0,0,1,1,Godspeed,2020,
8,15,nose manny to nollie kickflip,manny pad,0,0,0,0,0,1,Godspeed,2020,
8,16,fakie manny to fakie kickflip,manny pad,0,0,0,0,1,1,Godspeed,2020,mirror line
9,17,nollie fs tailslide to fakie,ledge,0,0,0,0,1,1,Godspeed,2020,
9,18,fakie bs tailslide to regular,ledge,0,0,0,0,0,1,Godspeed,2020,mirror line
9,19,sw fs shuv to sw bs noseslide,ledge,0,0,0,0,1,1,Godspeed,2020,
10,20,bs tailslide to fakie,ledge,0,0,0,0,0,1,Godspeed,2020,
10,21,sw heelflip to sw fs tailslide to sw fs bigspin,ledge,0,0,0,0,1,1,Godspeed,2020,
10,22,bs kickflip,flat,0,0,0,0,0,1,Godspeed,2020,
11,23,sw bs noseslide to nollie fs 180,ledge,into bank,0,0,0,1,0,Godspeed,2020,
12,24,sw bs kickflip to nose manny,manny pad,0,0,0,0,1,0,Godspeed,2020,
13,25,sw fs tailslide,ledge,0,0,0,0,1,1,Godspeed,2020,
13,26,sw heelflip to sw fs nosegrind,ledge,0,0,0,0,1,1,Godspeed,2020,
14,27,bs kickflip,gap,0,0,0,1,0,0,Godspeed,2020,
15,28,bs boardslide,rail,handrail,12,0,0,0,1,Godspeed,2020,
15,29,tre flip,flat,0,0,0,0,0,1,Godspeed,2020,
16,30,nollie kickflip,flat,0,0,0,0,1,1,Godspeed,2020,
16,31,hardflip,stairs,0,11,0,0,0,1,Godspeed,2020,
16,32,fs 180,stairs,0,4,0,0,0,1,Godspeed,2020,
17,33,nollie inward heel,gap,0,4,0,1,1,0,Godspeed,2020,
18,34,varial heelflip,stairs,over rail,12,0,1,0,0,Godspeed,2020,
19,35,bs smith,ledge,hubba,11,0,0,0,0,Godspeed,2020,
20,36,bs overcrook,rail,handrail,13,0,0,0,0,Godspeed,2020,
21,37,shuv to fs 5050,rail,handrail,12,0,0,0,0,Godspeed,2020,
22,37,shuv to fs 5050,rail,handrail,12,0,0,0,0,Godspeed,2020,
23,38,kickflip to bs 5050,rail,handrail,9,0,0,0,0,Godspeed,2020,
24,39,bs kickflip,stairs,0,12,0,0,0,1,Godspeed,2020,
24,40,sw heelflip,gap,0,0,0,0,1,1,Godspeed,2020,
25,41,nollie kickflip,stairs,over handrail,9,0,0,1,0,Godspeed,2020,
26,42,fakie inward heelflip,stairs,over handrail,9,0,0,0,0,Godspeed,2020,
27,43,heelflip,stairs,over handrail,13,0,0,0,0,Godspeed,2020,
28,44,kickflip,stairs,over handrail,11,0,0,0,0,Godspeed,2020,
29,44,kickflip,stairs,over handrail,11,0,0,0,0,Godspeed,2020,
30,45,ollie,up,stairs,3,0,0,0,1,Godspeed,2020,
30,46,wallie,wall,stairs,8,0,0,0,1,Godspeed,2020,
31,47,fs noseslide to nollie kickflip,ledge,0,0,0,0,0,0,Godspeed,2020,
32,48,kickflip to bs boardslide,rail,handrail,13,0,0,0,0,Godspeed,2020,
33,49,sw fs heelflip,stairs,0,12,0,0,1,0,Godspeed,2020,
34,50,kickflip to fs crook,rail,handrail,10,0,0,0,0,Godspeed,2020,
35,51,sw fs kickflip,stairs,over rail,16,0,0,0,0,Godspeed,2020,
36,51,sw fs kickflip,stairs,over rail,16,0,0,0,0,Godspeed,2020,
1,1,fs bigspin,stairs,over rail,10,0,0,0,0,Be Free,2020,
2,2,barley grind,rail,handrail,6,0,0,0,0,Be Free,2020,
3,3,hardflip,stairs,0,4 flat 5,0,0,0,0,Be Free,2020,
4,4,bs kickflip,stairs,over rail,10,0,0,0,0,Be Free,2020,
5,5,bs 5050,rail,handrail,0,0,0,0,0,Be Free,2020,
6,6,fakie overcrook,rail,handrail,0,0,0,0,0,Be Free,2020,
7,7,bs noseblunt to fakie,ledge,0,0,0,0,0,1,Be Free,2020,
7,8,sw fs bigspin,flat,0,0,0,0,1,1,Be Free,2020,
8,9,halfcab kickflip,stairs,0,4,0,0,0,1,Be Free,2020,
8,10,fs kickflip,stairs,0,13,0,0,0,0,Be Free,2020,
9,11,bs nosegrind,rail,handrail,8,1,0,0,0,Be Free,2020,
10,12,kickflip to bs tailslide,ledge,bump to ledge,0,0,1,0,1,Be Free,2020,
10,13,kickflip to fs noseslide to fakie,ledge,bump to ledge,0,0,1,0,1,Be Free,2020,kinda mirror line
11,14,fs tailslide to fakie,ledge,hubba,14,0,0,0,0,Be Free,2020,
12,14,fs tailslide to fakie,ledge,hubba,14,0,0,0,0,Be Free,2020,
13,15,sw heelflip,stairs,0,2 flat 2 flat 2 flat 2,1,0,1,0,Be Free,2020,
13,16,ollie,gap,0,0,0,0,0,0,Be Free,2020,
14,16,ollie,gap,0,0,1,0,0,0,Be Free,2020,
15,17,fs heelflip,gap,bump to gap,0,0,1,0,0,Be Free,2020,
16,17,fs heelflip,gap,bump to gap,0,1,1,0,0,Be Free,2020,
17,18,nollie bs 180 to sw fs crook,ledge,0,0,0,0,1,1,Be Free,2020,
17,19,halfcab kickflip to bs crook,ledge,0,0,0,0,0,1,Be Free,2020,
18,20,nollie bs 180 to sw fs crook to fakie kickflip,ledge,0,0,0,0,1,0,Be Free,2020,
19,21,fs shuv to bs crook,rail,handrail,7,0,0,0,0,Be Free,2020,
20,22,shuv,stairs,0,4 flat 4,0,0,0,0,Be Free,2020,
21,23,bs overcrook,rail,outrail,0,7,0,0,0,Be Free,2020,
22,24,fs 180 to sw fs 5-0 to regular,ledge,0,0,0,0,0,1,Be Free,2020,
22,25,nollie heelflip,flat,0,0,0,0,1,1,Be Free,2020,
22,26,nollie fs 180 to sw bs crook,ledge,into bank,0,0,1,1,1,Be Free,2020,
23,27,fs overcrook,rail,handrail,14,1,0,0,0,Be Free,2020,
24,28,kickflip to fs 5050,rail,handrail,12,0,0,0,0,Be Free,2020,
25,28,kickflip to fs 5051,rail,handrail,12,0,0,0,0,Be Free,2020,
26,29,kickflip to fs lipslide,rail,handrail,12,0,0,0,0,Be Free,2020,
27,30,fs tailslide,rail,handrail,12,0,0,0,0,Be Free,2020,
28,30,fs tailslide,rail,handrail,12,0,0,0,1,Be Free,2020,
28,31,fs blunt,rail,handrail,12,0,0,0,1,Be Free,2020,
29,32,fs tailslide,ledge,0,0,0,0,0,1,Be Free,2020,
29,33,fs shuv,gap,bump to gap,0,0,1,0,1,Be Free,2020,
30,33,fs 180,gap,0,0,0,0,0,1,Be Free,2020,
31,34,nollie to fs blunt to bs kickflip,ledge,bank to ledge,0,1,0,1,0,Be Free,2020,
32,35,late shuv,gap,bump to gap,0,0,0,0,0,Be Free,2020,
33,36,halfcab to bs crook,ledge,0,0,0,0,0,1,Be Free,2020,
33,37,fakie heelflip to sw bs tailslide,ledge,0,0,0,0,0,1,Be Free,2020,
34,38,bs tailslide to sw fs crook,ledge,outledge,4,1,0,0,0,Be Free,2020,
35,39,bs boardslide to bs feeble,rail,0,0,0,0,0,0,Be Free,2020,
36,40,bs blunt to fs kickflip,ledge,0,0,0,0,0,0,Be Free,2020,
37,41,fakie hardflip,stairs,0,9,1,0,0,0,Be Free,2020,
38,42,fs tailslide to fs kickflip,ledge,bump to ledge,0,0,0,0,0,Be Free,2020,
39,43,bs heelflip,stairs,0,14,0,0,0,0,Be Free,2020,
40,43,bs heelflip,stairs,0,14,0,0,0,0,Be Free,2020,
41,44,fs heelflip,gap,4 block,0,0,0,0,1,Be Free,2020,
41,45,tre flip,flat,0,0,0,0,0,1,Be Free,2020,
42,46,bs 5050,rail,handrail,2 flat 1 flat 1 flat 2 flat 1 flat 1 flat 2,0,1,0,0,Be Free,2020,
43,47,fs blunt to bs kickflip,rail,outrail,0,0,0,0,0,Be Free,2020,
44,48,bs crook,rail,handrail,6 flat 6,0,0,0,0,Be Free,2020,
45,48,bs crook,rail,handrail,7 flat 6,0,0,0,0,Be Free,2020,
46,49,kickflip to fs boardslide,rail,handrail,13,0,0,0,0,Be Free,2020,
47,49,kickflip to fs boardslide,rail,handrail,13,0,0,0,0,Be Free,2020,
48,50,kickflip to bs nosegrind,rail,handrail,8,1,0,0,0,Be Free,2020,
49,51,fs feeble to fs shuv,rail,up rail,0,0,0,0,0,Be Free,2020,
50,52,nollie to fs crook,rail,handrail,9,1,0,1,0,Be Free,2020,
51,53,fs kickflip,stairs,0,6 flat,0,0,0,0,Be Free,2020,
52,53,fs kickflip,stairs,0,6 flat 6,0,0,0,0,Be Free,2020,
53,54,fs shuv,stairs,0,6 flat 6,1,0,0,0,Be Free,2020,
54,54,fs shuv,stairs,0,6 flat 6,0,0,0,0,Be Free,2020,
55,55,nollie fs 180 to sw bs crook to fakie heelflip,ledge,0,0,1,0,1,0,Be Free,2020,
56,56,bs feeble,rail,handrail,18,0,0,0,0,Be Free,2020,
57,57,bs blunt,rail,handrail,14,0,0,0,0,Be Free,2020,
58,58,bs smith to fs 180,rail,handrail,0,0,0,0,0,Be Free,2020,
59,59,fs feeble,rail,handrail,0,0,0,0,0,Be Free,2020,
60,60,fs 180 to sw bs crook,rail,handrail,12,0,0,0,0,Be Free,2020,
61,60,fs 180 to sw bs crook,rail,handrail,12,0,0,0,0,Be Free,2020,
62,61,sw kickflip to sw bs crook,rail,handrail,9,1,0,1,0,Be Free,2020,
63,62,fs smith,rail,handrail,4 flat 4 flat 3,0,0,0,0,Be Free,2020,
64,62,fs smith,rail,handrail,5 flat 4 flat 3,0,0,0,0,Be Free,2020,
65,63,bs crook to nollie kickflip,rail,handrail,0,0,0,0,0,Be Free,2020,
66,64,tre flip to 5050,rail,handrail,10,0,0,0,0,Be Free,2020,
67,64,tre flip to 5050,rail,handrail,10,1,0,0,0,Be Free,2020,
68,65,kickflip to bs lipslide,rail,handrail,13,0,0,0,0,Be Free,2020,
69,65,kickflip to bs lipslide,rail,handrail,13,0,0,0,0,Be Free,2020,
70,66,sw bs crook,ledge,outledge,11,0,0,1,0,Be Free,2020,
71,66,sw bs crook,ledge,outledge,11,0,0,1,0,Be Free,2020,
1,1,bs lipslide,ledge,0,0,0,1,0,0,Sabotage3,2012,
2,2,kickflip,up,block,0,0,0,0,1,Sabotage3,2012,
2,3,bs noseblunt to fakie,ledge,0,0,0,0,0,1,Sabotage3,2012,
3,4,fs noseblunt,ledge,0,0,0,0,0,1,Sabotage3,2012,
3,5,bs 180 to sw fs nosegrind,ledge,0,0,0,0,0,1,Sabotage3,2012,
4,6,kickflip to bs tailslide,ledge,0,0,0,0,0,1,Sabotage3,2012,
4,7,fs shuv,gap,bump to gap,0,0,0,0,1,Sabotage3,2012,
5,8,wallie to fs 360,wall,0,0,0,0,0,0,Sabotage3,2012,
6,9,ollie,gap,0,0,0,0,0,0,Sabotage3,2012,
7,10,ollie,stairs,over rail,7,0,0,0,1,Sabotage3,2012,
7,11,ollie,stairs,over rail,2,0,0,0,1,Sabotage3,2012,
8,12,kickflip,gap,0,0,0,0,0,0,Sabotage3,2012,
9,13,nollie kickflip,gap,0,0,0,0,1,0,Sabotage3,2012,
10,14,fs 5-0,rail,handrail,6,0,0,0,0,Sabotage3,2012,
11,15,fs smith,rail,handrail,6,0,0,0,0,Sabotage3,2012,
12,16,fakie 5-0 to sw bs 180,ledge,0,0,0,0,0,1,Sabotage3,2012,
12,17,fs blunt to bs bigspin,ledge,0,0,0,0,0,1,Sabotage3,2012,
13,18,fs noseslide,ledge,0,0,0,0,0,0,Sabotage3,2012,
14,19,bs bigspin,gap,bump to gap,0,0,1,0,0,Sabotage3,2012,
15,20,bs lipslide,ledge,outledge,7,0,0,0,0,Sabotage3,2012,
16,21,fs 5-0,rail,handrail,12,0,0,0,0,Sabotage3,2012,
17,22,ollie,gap,bump to gap,0,0,1,0,1,Sabotage3,2012,
17,23,bs 180,flat,off curb,0,0,0,0,1,Sabotage3,2012,
17,24,sw fs heelflip,flat,0,0,0,0,0,1,Sabotage3,2012,
18,25,bs tailslide,transition,0,0,0,1,0,0,Sabotage3,2012,
19,26,kickflip to bs tailslide to fakie,ledge,0,0,0,0,0,0,Sabotage3,2012,
20,27,kickflip to fs boardslide,rail,handrail,10,0,0,0,0,Sabotage3,2012,
21,28,ollie,gap,bump to gap,0,0,1,0,0,Sabotage3,2012,
22,29,bs overcrook,rail,handrail,10,0,0,0,0,Sabotage3,2012,
23,30,kickflip,gap,bump to gap,0,0,1,0,0,Sabotage3,2012,
24,31,fs kickflip,gap,bump to gap,0,0,1,0,0,Sabotage3,2012,
25,32,sw bs tailslide to regular,ledge,0,0,0,0,1,0,Sabotage3,2012,
26,32,sw bs tailslide to regular,ledge,0,0,0,0,1,0,Sabotage3,2012,
27,33,sw tre flip,flat,0,0,0,0,1,1,Sabotage3,2012,
27,34,fakie fs noseslide to regular,ledge,0,0,0,0,0,1,Sabotage3,2012,
27,35,wallie,wall,0,0,0,0,0,1,Sabotage3,2012,
27,36,kickflip,gap,love gap,0,0,0,0,1,Sabotage3,2012,
28,37,fs shuv,gap,love gap,0,0,0,0,0,Sabotage3,2012,
29,38,fs heelflip,gap,bump to gap,0,1,0,0,0,Sabotage3,2012,
1,1,bs bigspin,stairs,0,3,0,0,0,1,Sabotage4,2015,
1,2,kickflip to fs 5050,rail,handrail,9,0,0,0,1,Sabotage4,2015,
2,3,tre flip to 5050,rail,handrail,9,0,0,0,0,Sabotage4,2015,
3,4,ollie,gap,0,0,0,0,0,0,Sabotage4,2015,
4,5,bs kickflip,flat,over block,0,0,0,0,1,Sabotage4,2015,
4,6,halfcab,flat,0,0,0,0,0,1,Sabotage4,2015,
4,7,fs heelflip,flat,over block,0,0,0,0,1,Sabotage4,2015,
5,8,sw fs heelflip,flat,over block,0,0,0,1,0,Sabotage4,2015,
6,9,nollie fs 180 to sw bs crook,ledge,0,0,0,0,1,0,Sabotage4,2015,
7,10,nollie fs heelflip,stairs,0,8,0,0,1,0,Sabotage4,2015,
8,11,kickflip to manny,manny pad,0,0,0,0,0,1,Sabotage4,2015,
8,12,nollie to nose manny to nollie kickflip,manny pad,0,0,0,0,1,1,Sabotage4,2015,
9,13,bs feeble,rail,up rail,0,0,0,0,1,Sabotage4,2015,
9,14,kickflip,flat,0,0,0,0,0,1,Sabotage4,2015,skinny
9,15,fs kickflip,gap,0,0,0,0,0,1,Sabotage4,2015,
10,16,fs shuv,flat,0,0,0,0,0,1,Sabotage4,2015,
10,17,bs bigspin to bs tailslide,ledge,0,0,0,0,0,1,Sabotage4,2015,
11,18,halfcab to manny,manny pad,0,0,0,0,0,1,Sabotage4,2015,
11,19,bs heelflip,flat,into bank,0,0,1,0,1,Sabotage4,2015,
11,20,halfcab to fs nosegrind to nollie fs 180,ledge,0,0,0,0,0,1,Sabotage4,2015,
12,21,bs tailslide to bs heelflip,ledge,0,0,0,0,0,0,Sabotage4,2015,
13,22,sw heelflip to sw fs nosegrind,ledge,0,0,0,0,1,0,Sabotage4,2015,
14,23,bs kickflip to sw bs nosegrind,ledge,0,0,0,0,0,0,Sabotage4,2015,
15,24,sw inward heelflip to sw fs 5-0,ledge,0,0,0,0,1,0,Sabotage4,2015,
16,25,bs 180,gap,bump to gap,0,0,1,0,0,Sabotage4,2015,
17,26,bs lipslide,rail,0,0,0,0,0,0,Sabotage4,2015,
18,27,ollie,stairs,0,8,0,0,0,1,Sabotage4,2015,
18,28,bs bigspin,stairs,0,8,0,0,0,1,Sabotage4,2015,
19,29,kickflip,flat,over block,0,0,0,0,1,Sabotage4,2015,funny throwdown
19,30,bs boardlside,rail,handrail,13,0,0,0,1,Sabotage4,2015,
1,1,fakie fs kickflip,stairs,0,4,0,0,0,1,Back on My BS,2018,
1,2,nollie bs kickflip,stairs,0,10,0,0,1,1,Back on My BS,2018,
2,3,nollie bs kickflip,stairs,0,4,0,0,1,1,Back on My BS,2018,
2,4,fakie fs kickflip,stairs,0,10,0,0,0,1,Back on My BS,2018,
3,5,sw kickflip,gap,bump to gap,0,0,1,1,0,Back on My BS,2018,
4,6,bs crook stall,transition,bowl,0,0,1,0,0,Back on My BS,2018,
5,7,foot plant,transition,bowl,0,0,1,0,0,Back on My BS,2018,
6,8,no comply tailslide to fakie,transition,pool,0,0,1,0,0,Back on My BS,2018,
7,9,heelflip,flat,0,0,0,0,0,1,Back on My BS,2018,
7,10,fs tailslide to sw fs 5-0 to fakie,ledge,0,0,0,0,0,1,Back on My BS,2018,
7,11,halfcab kickflip,stairs,0,8,0,0,0,1,Back on My BS,2018,
8,12,bs 5050,ledge,gap to ledge,0,0,0,0,0,Back on My BS,2018,
9,13,bs blunt,rail,bump to rail,0,0,1,0,0,Back on My BS,2018,
10,14,kickflip,up,curb,0,0,0,0,1,Back on My BS,2018,
10,15,shuv to fs boardslide,rail,handrail,8,0,0,0,1,Back on My BS,2018,
11,16,halfcab,up,curb,0,0,0,0,1,Back on My BS,2018,
11,17,kickflip to bs smith,rail,handrail,8,0,0,0,1,Back on My BS,2018,
12,18,kickflip to bs boardslide,rail,handrail,8,0,0,0,0,Back on My BS,2018,beast
13,19,bs boardslide to bs boardslide,rail,handrail,6 flat 6,0,0,0,0,Back on My BS,2018,
14,20,fs 5050,rail,0,0,0,0,0,1,Back on My BS,2018,
14,21,fs feeble,rail,0,0,0,0,0,1,Back on My BS,2018,
14,22,bs bigspin,flat,off curb,0,0,0,0,1,Back on My BS,2018,
15,23,fs feeble to fs smith,rail,flat bar,0,0,0,0,0,Back on My BS,2018,beast
16,24,varial heelflip,gap,bump to gap,0,0,1,0,0,Back on My BS,2018,
17,25,bs 180 to sw bs 5-0,rail,handrail,10,0,0,0,0,Back on My BS,2018,
18,26,bs bigspin to bs tailslide,transition,park,0,0,1,0,0,Back on My BS,2018,
19,27,bs 180 to sw bs 5-0,ledge,0,0,0,0,0,1,Back on My BS,2018,
19,28,fakie kickflip fs noseslide to shuv,ledge,0,0,0,0,0,1,Back on My BS,2018,
20,29,fs 180 to sw bs crook,rail,handrail,12,0,0,0,0,Back on My BS,2018,
21,30,sw bs crook to fakie kickflip,rail,bump to rail,0,0,1,1,0,Back on My BS,2018,
22,31,bs 5050,rail,handrail,15,1,0,0,0,Back on My BS,2018,
23,32,fs kickflip,rail,handrail,4 flat 4.5,0,0,0,0,Back on My BS,2018,
24,33,heelflip,gap,bump to gap,0,0,1,0,0,Back on My BS,2018,
25,34,fs shuv to bs 5050,rail,handrail,9,0,0,0,0,Back on My BS,2018,
26,35,fakie fs 5-0 to regular,ledge,0,0,0,0,0,1,Back on My BS,2018,
26,36,bs bigspin,stairs,0,11,0,0,0,1,Back on My BS,2018,
27,37,kickflip to fs 5050,rail,handrail,10,0,0,0,0,Back on My BS,2018,
28,38,fs blunt to shuv,rail,handrail,11,0,0,0,0,Back on My BS,2018,
29,39,bs tail block to fakie,transition,pool,0,0,1,0,0,Back on My BS,2018,
30,40,tre flip,stairs,0,12,0,0,0,0,Back on My BS,2018,
31,41,fs kickflip,gap,bump to gap,0,0,0,0,0,Back on My BS,2018,
32,42,bs kickflip,gap,bump to gap,0,0,0,0,0,Back on My BS,2018,
33,43,hardflip,gap,bump togap,0,0,0,0,0,Back on My BS,2018,
34,44,nollie fs heelflip to sw bs crook,ledge,0,0,0,0,1,0,Back on My BS,2018,
35,45,bs crook,rail,handrail,6 flat 2,0,0,0,0,Back on My BS,2018,
36,46,sw fs bigspin to sw bs boardslide ,rail,handrail,8,0,0,1,0,Back on My BS,2018,
37,47,sw big heel to bs boardslide,rail,handrail,8,0,0,1,0,Back on My BS,2018,
38,48,varial heelflip,stairs,over rail into bank,0,0,1,0,0,Back on My BS,2018,
39,49,no comply to bs blunt to fakie,transition,bank,0,0,1,0,0,Back on My BS,2018,la high
40,50,no comply to bs blunt to fs 360,transition,bank,0,0,1,0,0,Back on My BS,2018,la high beast
41,51,nollie fs 180 to sw bs crook,rail,handrail,8,0,0,1,0,Back on My BS,2018,
42,52,nollie fs 180 to sw bs crook,rail,handrail,9,0,0,1,1,Back on My BS,2018,
42,53,sw ollie,stairs,0,3,0,0,1,1,Back on My BS,2018,
43,54,kickflip,gap,bump to gap,0,1,1,0,0,Back on My BS,2018,
44,55,bs boardslide,stairs,0,4 flat 8,0,0,0,0,Back on My BS,2018,
45,55,bs boardslide,stairs,0,4 flat 8,0,0,0,0,Back on My BS,2018,
46,57,sw kickflip to sw fs boardslide,rail,handrail,10,1,0,1,0,Back on My BS,2018,
1,1,tre flip,flat,0,0,0,0,0,0,Nike SB Chronicles Vol. 2,2013,
2,2,kickflip,flat,up curb,0,0,1,0,1,Nike SB Chronicles Vol. 2,2013,
2,3,bs crook,rail,bump to rail,0,0,1,0,1,Nike SB Chronicles Vol. 2,2013,
2,4,fs feeble,rail,handrail,8,0,0,0,1,Nike SB Chronicles Vol. 2,2013,
2,5,fs 5-0,rail,handrail,11,0,0,0,1,Nike SB Chronicles Vol. 2,2013,
3,6,fs boardslide,ledge,bump to ledge,0,0,1,0,0,Nike SB Chronicles Vol. 2,2013,
4,7,fs blunt to fakie,ledge,outledge,0,0,0,0,0,Nike SB Chronicles Vol. 2,2013,
5,8,slappy bs crook,ledge,0,0,0,0,0,1,Nike SB Chronicles Vol. 2,2013,
5,9,bs hurricane,ledge,0,0,0,0,0,1,Nike SB Chronicles Vol. 2,2013,
6,10,ollie,up,table,0,0,0,0,1,Nike SB Chronicles Vol. 2,2013,
6,11,bs lipslide,ledge,table,0,0,0,0,1,Nike SB Chronicles Vol. 2,2013,
7,12,fs noseslide,rail,handrail,10,0,0,0,0,Nike SB Chronicles Vol. 2,2013,
8,13,kickflip to bs noseslide,rail,handrail,10,0,0,0,0,Nike SB Chronicles Vol. 2,2013,
9,14,bs 5-0,ledge,0,0,0,0,0,1,Nike SB Chronicles Vol. 2,2013,
9,15,bs tailslide to bs kickflip,ledge,0,0,0,0,0,1,Nike SB Chronicles Vol. 2,2013,
10,16,fs crook to fakie,ledge,0,0,0,0,0,1,Nike SB Chronicles Vol. 2,2013,
10,17,fakie kickflip to sw 5-0 to sw bs 180,ledge,0,0,0,0,0,1,Nike SB Chronicles Vol. 2,2013,
11,18,fakie fullcab,gap,bump to bump,0,0,1,0,0,Nike SB Chronicles Vol. 2,2013,
12,19,bs 5-0,rail,0,0,0,0,0,0,Nike SB Chronicles Vol. 2,2013,
13,20,bs tailslide,transition,0,0,0,1,0,0,Nike SB Chronicles Vol. 2,2013,
14,21,varial heelflip,stairs,0,9,0,0,0,0,Nike SB Chronicles Vol. 2,2013,
15,22,nollie to fs feeble,rail,handrail,8,0,0,1,0,Nike SB Chronicles Vol. 2,2013,
16,23,wallie,stairs,0,8,0,0,0,0,Nike SB Chronicles Vol. 2,2013,
17,24,fs tailslide,ledge,hubba,13,0,0,0,0,Nike SB Chronicles Vol. 2,2013,
18,25,slappy bs crook,ledge,hubba,10,0,0,0,0,Nike SB Chronicles Vol. 2,2013,
19,26,fs smith,rail,handrail,3 flat 3,0,0,0,0,Nike SB Chronicles Vol. 2,2013,
20,27,bs overcrook,rail,0,0,0,0,0,1,Nike SB Chronicles Vol. 2,2013,
20,28,bs 180,flat,0,0,0,0,0,1,Nike SB Chronicles Vol. 2,2013,
20,29,sw tre flip,flat,0,0,0,0,1,1,Nike SB Chronicles Vol. 2,2013,
20,30,fakie fs 180,flat,0,0,0,0,0,1,Nike SB Chronicles Vol. 2,2013,
20,31,kickflip,flat,0,0,0,0,0,1,Nike SB Chronicles Vol. 2,2013,
20,32,bs 5050,rail,handrail,4 flat 3,0,0,0,1,Nike SB Chronicles Vol. 2,2013,
21,33,bs tailslide to sw fs crook to fakie kickflip,ledge,0,0,0,0,0,0,Nike SB Chronicles Vol. 2,2013,
22,34,fs 360,stairs,0,3 flat 3 flat 3,0,0,0,0,Nike SB Chronicles Vol. 2,2013,
23,35,kickflip,gap,bump to bump,0,0,1,0,1,Nike SB Chronicles Vol. 2,2013,
23,36,nollie inward heelflip,gap,bump to bump,0,0,1,0,1,Nike SB Chronicles Vol. 2,2013,
24,37,bs kickflip,gap,bump to bump,0,0,1,0,0,Nike SB Chronicles Vol. 2,2013,
25,38,fs crook to nollie bs 180,ledge,0,0,0,0,0,0,Nike SB Chronicles Vol. 2,2013,
26,39,wallie to bs boardslide,rail,handrail,9,0,0,0,0,Nike SB Chronicles Vol. 2,2013,
27,40,fs feeble to bs 180,rail,handrail,3 flat 3,0,0,0,0,Nike SB Chronicles Vol. 2,2013,
28,41,bs overcrook,rail,handrail,13,0,0,0,0,Nike SB Chronicles Vol. 2,2013,
29,41,bs overcrook,rail,handrail,13,0,0,0,0,Nike SB Chronicles Vol. 2,2013,
30,42,bs 5050,rail,handrail,5 flat 8,0,0,0,0,Nike SB Chronicles Vol. 2,2013,
31,43,fs blunt,rail,0,0,0,0,0,0,Nike SB Chronicles Vol. 2,2013,
32,44,kickflip,gap,0,0,0,0,0,0,Nike SB Chronicles Vol. 2,2013,
33,45,bs boardslide,rail,handrail,7 flat 7,0,0,0,0,Nike SB Chronicles Vol. 2,2013,
34,46,fs smith,rail,handrail,8,0,0,0,1,Nike SB Chronicles Vol. 2,2013,
34,47,hardflip,gap,4 block,0,0,0,0,1,Nike SB Chronicles Vol. 2,2013,
35,48,kickflip to bs noseslide to fakie,ledge,0,0,0,0,0,1,Nike SB Chronicles Vol. 2,2013,
35,49,fakie fs 180,flat,0,0,0,0,0,1,Nike SB Chronicles Vol. 2,2013,
35,50,bs smith to bs 180,ledge,0,0,0,0,0,1,Nike SB Chronicles Vol. 2,2013,
35,51,fakie fs kickflip,stairs,0,5,0,0,0,1,Nike SB Chronicles Vol. 2,2013,
36,52,bs kickflip,gap,bump to bump,0,0,1,0,0,Nike SB Chronicles Vol. 2,2013,
37,52,bs kickflip,gap,bump to bump,0,0,1,0,0,Nike SB Chronicles Vol. 2,2013,
38,53,sw heelflip to sw fs nosegrind,gap,bump to gap,0,0,1,1,0,Nike SB Chronicles Vol. 2,2013,
39,54,kickflip to bs smith,rail,handrail,0,0,0,0,0,Nike SB Chronicles Vol. 2,2013,
40,55,bs bigflip,stairs,0,3 flat 3 flat 3,1,0,0,0,Nike SB Chronicles Vol. 2,2013,
41,56,fs shuv to bs boardslide,rail,handrail,9,0,0,0,0,Nike SB Chronicles Vol. 2,2013,
42,57,kickflip,gap,0,0,0,1,0,0,Nike SB Chronicles Vol. 2,2013,
43,58,fs noseblunt to fs lipslide,ledge,drop ledge,0,0,0,0,0,Nike SB Chronicles Vol. 2,2013,
44,59,bs 180 to sw fs 5-0,rail,handrail,11,0,0,0,0,Nike SB Chronicles Vol. 2,2013,
45,60,nollie to bs crook,rail,handrail,11,0,0,1,0,Nike SB Chronicles Vol. 2,2013,
46,61,fs shuv,gap,over rail,13,0,0,0,0,Nike SB Chronicles Vol. 2,2013,
47,62,kickflip,gap,bump to gap,0,0,1,0,0,Nike SB Chronicles Vol. 2,2013,
48,63,bs 360,gap,0,0,1,1,0,0,Nike SB Chronicles Vol. 2,2013,
49,64,tre flip,gap,over rail,6,0,1,0,0,Nike SB Chronicles Vol. 2,2013,
50,65,fs 5050,rail,handrail,20,0,0,0,0,Nike SB Chronicles Vol. 2,2013,
51,66,sw fs heelflip,stairs,0,6 flat 6,0,0,1,0,Nike SB Chronicles Vol. 2,2013,
52,67,fs 5050,rail,handrail,7 flat 7,0,0,0,0,Nike SB Chronicles Vol. 2,2013,
53,68,bs 180,gap,bump to gap,0,0,1,0,0,Nike SB Chronicles Vol. 2,2013,
54,69,kickflip to fs noseslide,ledge,outledge,6,0,0,0,0,Nike SB Chronicles Vol. 2,2013,
55,70,fs 5050,rail,handrail,8 flat 8,0,0,0,0,Nike SB Chronicles Vol. 2,2013,
56,71,bs noseblunt,rail,handrail,0,0,0,0,0,Nike SB Chronicles Vol. 2,2013,
57,72,bs 5050,rail,handrail,12,0,0,0,1,Nike SB Chronicles Vol. 2,2013,
57,73,bs bigspin,stairs,0,7,0,0,0,1,Nike SB Chronicles Vol. 2,2013,
58,74,fs feeble,rail,0,0,0,0,0,0,Nike SB Chronicles Vol. 2,2013,
59,75,nollie kickflip to bs lipslide,rail,handrail,9,0,0,1,0,Nike SB Chronicles Vol. 2,2013,
60,76,bs 5050,rail,handrail,0,0,0,0,0,Nike SB Chronicles Vol. 2,2013,
61,77,fs 5-0,rail,handrail,16,0,0,0,0,Nike SB Chronicles Vol. 2,2013,
62,77,fs 5-0,rail,handrail,16,0,0,0,0,Nike SB Chronicles Vol. 2,2013,
63,78,nollie to fs nosegrind,rail,handrail,8,0,0,0,1,Nike SB Chronicles Vol. 2,2013,
63,79,bs 5050,rail,handrail,15,0,0,0,1,Nike SB Chronicles Vol. 2,2013,
64,80,bs smith,rail,handrail,15,0,0,0,0,Nike SB Chronicles Vol. 2,2013,
65,81,bs 360 kickflip,gap,bump to gap,0,0,1,0,0,Nike SB Chronicles Vol. 2,2013,
66,81,bs 360 kickflip,gap,bump to gap,0,0,1,0,0,Nike SB Chronicles Vol. 2,2013,
67,82,kickflip to fs crook,rail,handrail,12,0,0,0,0,Nike SB Chronicles Vol. 2,2013,
68,82,kickflip to fs crook,rail,handrail,12,0,0,0,0,Nike SB Chronicles Vol. 2,2013,
69,83,fs blunt,ledge,hubba,12,0,0,1,0,Nike SB Chronicles Vol. 2,2013,
70,83,fs blunt,ledge,hubba,12,0,0,1,0,Nike SB Chronicles Vol. 2,2013,
1,1,tre flip,gap,bump to gap,0,0,1,0,1,Chronicling Ishod: The Prequel,2013,
1,2,ollie,gap,bump to gap,0,0,1,0,1,Chronicling Ishod: The Prequel,2013,
2,3,sw heelflip,gap,bump to bump,0,0,1,1,0,Chronicling Ishod: The Prequel,2013,
3,4,fs shuv to bs crook,rail,handrail,7,0,0,0,0,Chronicling Ishod: The Prequel,2013,
4,5,sw bs crook to regular,ledge,0,0,0,0,1,1,Chronicling Ishod: The Prequel,2013,
4,6,fs noseblunt,ledge,0,0,0,0,0,1,Chronicling Ishod: The Prequel,2013,
4,7,nollie fs kickflip,flat,0,0,0,0,1,1,Chronicling Ishod: The Prequel,2013,
4,8,fakie fs noseslide to shuv,ledge,0,0,0,0,0,1,Chronicling Ishod: The Prequel,2013,
5,9,fs kickflip,stairs,over rail,9,0,0,0,0,Chronicling Ishod: The Prequel,2013,
6,10,kickflip,gap,flat gap,0,0,0,0,0,Chronicling Ishod: The Prequel,2013,
7,11,polejam to fs 180,pole,0,0,1,0,0,0,Chronicling Ishod: The Prequel,2013,
8,12,nollie shuv to bs noseslide to nollie fs shuv,ledge,0,0,0,0,1,0,Chronicling Ishod: The Prequel,2013,
9,13,nollie heelflip to fs crook to fakie,ledge,0,0,0,0,1,0,Chronicling Ishod: The Prequel,2013,
10,14,bs crook,rail,into bank,0,0,1,0,0,Chronicling Ishod: The Prequel,2013,
11,14,bs crook,rail,into bank,0,1,1,0,0,Chronicling Ishod: The Prequel,2013,
12,15,halfcab to bs crook,rail,handrail,8,0,0,0,0,Chronicling Ishod: The Prequel,2013,
13,16,kickflip to bs crook,ledge,hubba,9,0,0,0,0,Chronicling Ishod: The Prequel,2013,
14,17,bs lipslide to fakie,rail,handrail,0,0,0,0,0,Chronicling Ishod: The Prequel,2013,
15,18,bs lipslide,rail,handrail,10,0,0,0,0,Chronicling Ishod: The Prequel,2013,
16,18,bs lipslide,rail,handrail,10,0,0,0,0,Chronicling Ishod: The Prequel,2013,
17,19,fs noseblunt,rail,handrail,13,0,0,0,0,Chronicling Ishod: The Prequel,2013,
18,20,kickflip,flat,up curb,0,0,0,0,1,Chronicling Ishod: The Prequel,2013,
18,21,bs overcrook,rail,handrail,10,0,0,0,1,Chronicling Ishod: The Prequel,2013,
19,22,sw heelflip,stairs,0,4 flat 5,0,0,1,0,Chronicling Ishod: The Prequel,2013,
20,22,sw heelflip,stairs,0,4 flat 5,1,0,1,0,Chronicling Ishod: The Prequel,2013,
21,23,nollie to fs feeble,rail,handrail,10,0,0,1,0,Chronicling Ishod: The Prequel,2013,
22,24,bs tail to sw fs crook,ledge,0,0,1,0,0,0,Chronicling Ishod: The Prequel,2013,
23,25,nollie fs heelflip,hip,over rail,0,0,1,1,0,Chronicling Ishod: The Prequel,2013,
24,26,bs noseblunt,rail,handrail,9,0,0,0,0,Chronicling Ishod: The Prequel,2013,
25,26,bs noseblunt,rail,handrail,9,0,0,0,0,Chronicling Ishod: The Prequel,2013,
26,27,nollie to bs noseslide,rail,handrail,10,0,0,1,0,Chronicling Ishod: The Prequel,2013,
27,28,fs blunt,rail,handrail,0,1,0,0,0,Chronicling Ishod: The Prequel,2013,
28,29,ollie,stairs,over 2 rails,0,0,0,0,0,Chronicling Ishod: The Prequel,2013,
29,30,bs kickflip,gap,bump to gap,0,0,1,0,0,Chronicling Ishod: The Prequel,2013,
30,31,varial heelflip,gap,0,0,0,0,0,0,Chronicling Ishod: The Prequel,2013,
31,32,bs crook,rail,handrail,9,0,0,0,0,Chronicling Ishod: The Prequel,2013,
32,33,fs noseslide,ledge,bump to ledge,0,0,1,0,0,Chronicling Ishod: The Prequel,2013,
33,34,fs lipslide to fs shuv,rail,0,0,0,0,0,0,Chronicling Ishod: The Prequel,2013,
34,35,sw fs bigspin,gap,4 block,0,0,0,1,0,Chronicling Ishod: The Prequel,2013,
35,36,bs heelflip,gap,4 block,0,0,0,0,0,Chronicling Ishod: The Prequel,2013,
36,37,ollie,gap,0,0,0,0,0,1,Chronicling Ishod: The Prequel,2013,
36,38,kickflip,flat,up curb,0,0,0,0,1,Chronicling Ishod: The Prequel,2013,
36,39,fs 180 to sw fs wallride,wall,rock,0,0,1,0,1,Chronicling Ishod: The Prequel,2013,
36,40,fs kickflip,flat,rock,0,0,0,0,1,Chronicling Ishod: The Prequel,2013,
37,41,fs 5050,rail,bump to rail,7,0,0,0,0,Chronicling Ishod: The Prequel,2013,
38,41,fs 5050,rail,bump to rail,7,0,0,0,0,Chronicling Ishod: The Prequel,2013,
39,42,bs overcrook,rail,handrail,6 flat 6,0,0,0,0,Chronicling Ishod: The Prequel,2013,
40,42,bs overcrook,rail,handrail,6 flat 6,0,0,0,0,Chronicling Ishod: The Prequel,2013,
1,1,nollie shuv to manny,manny pad,0,0,0,0,1,1,ECVX14,2014,
1,2,slappy bs 5050,ledge,0,0,0,0,0,1,ECVX14,2014,
1,3,nollie heelflip,flat,0,0,0,0,1,1,ECVX14,2014,
1,4,fs blunt to bs 360,ledge,0,0,0,0,0,1,ECVX14,2014,
2,5,kickflip,flat,over block,0,0,0,0,1,ECVX14,2014,
2,6,fs 180,flat,0,0,0,0,0,1,ECVX14,2014,
2,7,sw heelflip to bs 5-0,ledge,0,0,0,0,1,1,ECVX14,2014,
3,8,wallie,gap,over rail,0,0,0,0,0,ECVX14,2014,
4,9,bs 5050,rail,0,0,0,0,0,1,ECVX14,2014,
4,10,bs lipslide,rail,handrail,12,0,0,0,1,ECVX14,2014,
5,11,ollie,gap,bump to gap,0,0,1,0,0,ECVX14,2014,
6,12,fs 180,gap,bump to gap,0,0,1,0,1,ECVX14,2014,
7,13,sw bs wallride,wall,0,0,0,1,1,1,ECVX14,2014,
8,14,tre flip,gap,0,0,0,0,0,0,ECVX14,2014,
9,15,varial heelflip,gap,0,0,0,0,0,0,ECVX14,2014,
10,16,bs crook to fakie,ledge,0,0,0,0,0,1,ECVX14,2014,
10,17,sw heelflip to sw fs tailslide to regular,ledge,0,0,0,0,1,1,ECVX14,2014,
11,18,sw bs crook,ledge,0,0,0,0,1,0,ECVX14,2014,
12,19,fs noseblunt,ledge,0,0,0,0,0,1,ECVX14,2014,
12,20,nollie bs 180,ledge,0,0,0,0,1,1,ECVX14,2014,
12,21,sw kickflip to sw bs crook,ledge,0,0,0,0,1,1,ECVX14,2014,
12,22,fakie tre flip,flat,0,0,0,0,0,1,ECVX14,2014,
13,23,ollie,flat,flat gap,0,0,0,0,0,ECVX14,2014,
14,24,fs tailslide to fakie,ledge,0,0,0,0,0,0,ECVX14,2014,
15,24,fs tailslide to fakie,ledge,0,0,0,0,0,0,ECVX14,2014,
16,25,fs 180 to sw fs 5-0,ledge,0,0,0,0,0,0,ECVX14,2014,
17,26,fs 180 to sw fs 5-0 to regular,ledge,0,0,0,0,0,0,ECVX14,2014,
18,27,kickflip to bs crook,rail,handrail,9,0,0,0,0,ECVX14,2014,
19,28,bs lipslide to kickflip,ledge,0,0,0,0,0,0,ECVX14,2014,
20,29,kickflip to bs lipslide,ledge,0,0,0,0,0,1,ECVX14,2014,
20,30,fs kickflip,flat,0,0,0,0,0,1,ECVX14,2014,
20,31,sw fs nosegrind to fakie kickflip,ledge,0,0,0,0,1,1,ECVX14,2014,
21,32,tre flip,gap,bump to gap,0,0,1,0,1,ECVX14,2014,
21,33,bs tailslide,ledge,0,0,0,0,0,1,ECVX14,2014,
21,34,fs kickflip,flat,flat gap,0,0,0,0,0,ECVX14,2014,
22,35,fs 180,gap,0,0,0,0,0,0,ECVX14,2014,
23,36,nollie kickflip,stairs,0,5,0,0,1,1,ECVX14,2014,
23,37,no comply to fs 180,stairs,0,5,0,0,0,1,ECVX14,2014,
24,38,fs smith,rail,bump to rail,0,0,0,0,0,ECVX14,2014,
25,39,hardflip,gap,into bank,0,0,1,0,0,ECVX14,2014,
26,40,fs nosegrab to footplant,transition,0,0,0,1,0,1,ECVX14,2014,
26,41,bs disaster,transition,0,0,0,1,0,1,ECVX14,2014,
27,42,fs indie to fs disaster,transition,0,0,0,1,0,0,ECVX14,2014,
28,43,fs 180,transition,0,0,0,1,0,0,ECVX14,2014,
29,44,fs 180,transition,0,0,0,1,0,0,ECVX14,2014,
30,45,fs smith to tailgrab,transition,0,0,0,1,0,0,ECVX14,2014,
31,46,bs 180,transition,0,0,0,1,0,0,ECVX14,2014,
32,47,fs 5-0,transition,0,0,0,1,0,1,ECVX14,2014,
32,48,fs smith,transition,0,0,0,1,0,1,ECVX14,2014,
33,49,fs lipslide,transition,0,0,0,1,0,0,ECVX14,2014,
34,50,sw kickflip to sw bs noseslide to regular,ledge,0,0,0,0,1,1,ECVX14,2014,
34,51,bs 5050,ledge,0,0,0,0,0,1,ECVX14,2014,
34,52,bs 360,flat,0,0,0,0,0,1,ECVX14,2014,
35,53,nollie heelflip,stairs,0,12,0,0,1,0,ECVX14,2014,
36,54,hardflip,stairs,0,12,0,0,0,0,ECVX14,2014,
37,55,sw kickflip,stairs,0,12,0,0,1,0,ECVX14,2014,
38,56,fakie kickflip,stairs,0,12,0,0,0,0,ECVX14,2014,
39,56,fakie kickflip,stairs,0,12,0,0,0,0,ECVX14,2014,
40,57,fakie fullcab,stairs,0,12,0,0,0,0,ECVX14,2014,
41,58,sw ollie,flat,up curb,0,0,0,1,1,ECVX14,2014,
41,59,sw heelflip,gap,0,0,0,0,1,1,ECVX14,2014,
42,60,nollie fs kickflip,stairs,0,9,0,0,1,0,ECVX14,2014,
43,61,sw varial heelflip,stairs,0,9,0,0,1,0,ECVX14,2014,
44,62,nollie to fs noseslide,rail,handrail,9,0,0,1,0,ECVX14,2014,
45,63,sw fs kickflip,stairs,0,13,0,0,1,0,ECVX14,2014,
46,64,fs lipslide,rail,handrail,5 flat 5,0,0,0,0,ECVX14,2014,
47,65,nollie to fs feeble,rail,handrail,10,0,0,1,0,ECVX14,2014,
48,65,nollie to fs feeble,rail,handrail,10,0,0,1,0,ECVX14,2014,
49,66,bs 180,stairs,0,6 flat 6,0,0,0,0,ECVX14,2014,
1,1,nollie to bs crook,ledge,0,0,0,0,1,1,Welcome to Parade,2021,
1,2,ollie,up,ledge,0,0,0,0,1,Welcome to Parade,2021,
1,3,nollie heelflip,gap,over bin,0,0,0,1,1,Welcome to Parade,2021,
2,4,bs 5-0 to fs 180,ledge,0,0,0,0,0,1,Welcome to Parade,2021,
2,5,sw kickflip to sw bs crook,ledge,0,0,0,0,1,1,Welcome to Parade,2021,
2,6,sw heelflip,flat,0,0,0,0,1,1,Welcome to Parade,2021,
3,7,nollie kickflip to bs crook,ledge,0,0,0,0,1,1,Welcome to Parade,2021,
3,8,tre flip,flat,0,0,0,0,0,1,Welcome to Parade,2021,
3,9,fakie bs tailslide,ledge,0,0,0,0,0,1,Welcome to Parade,2021,
4,10,sw bs crook to regular,ledge,0,0,0,0,1,1,Welcome to Parade,2021,
4,11,nollie to fs noseslide to nollie bs heelflip,ledge,0,0,0,0,1,1,Welcome to Parade,2021,
4,12,sw fs heelflip,flat,0,0,0,0,1,1,Welcome to Parade,2021,
1,1,wallie,wall,0,0,0,1,0,1,Paych,2014,
1,2,heelflip,flat,0,0,0,0,0,1,Paych,2014,
2,3,fakie fs crook,ledge,0,0,0,0,0,1,Paych,2014,
2,4,sw kickflip to sw fs 5-0,ledge,0,0,0,0,1,1,Paych,2014,great sw push
2,5,fakie kickflip,flat,0,0,0,0,0,1,Paych,2014,
2,6,halfcab,flat,0,0,0,0,0,1,Paych,2014,
3,7,nollie to bs crook,ledge,0,0,0,0,1,1,Paych,2014,
3,8,fs shuv,flat,0,0,0,0,0,1,Paych,2014,
3,9,nollie bs 180 to sw fs crook,ledge,0,0,0,0,1,1,Paych,2014,
3,10,sw heelflip,flat,0,0,0,0,1,1,Paych,2014,
4,11,bs noseslide,ledge,0,0,0,0,0,1,Paych,2014,
4,12,nollie kickflip to bs tailslide,ledge,0,0,0,0,1,1,Paych,2014,
4,13,bs 360,flat,0,0,0,0,0,1,Paych,2014,
5,14,fs noseblunt,ledge,0,0,0,0,0,1,Paych,2014,
5,15,bs blunt to fakie,ledge,0,0,0,0,0,1,Paych,2014,
6,16,fs lipslide,transition,0,0,0,1,0,0,Paych,2014,
7,17,fs indie,transition,0,0,0,1,0,0,Paych,2014,
8,18,bs feeble,rail,0,0,0,0,0,1,Paych,2014,
8,19,bs kickflip,flat,0,0,0,0,0,1,Paych,2014,
8,20,sw kickflip,flat,0,0,0,0,1,1,Paych,2014,
8,21,fakie bigspin,flat,0,0,0,0,0,1,Paych,2014,
9,22,fs feeble,rail,0,0,0,0,0,0,Paych,2014,
10,23,fs 5050,rail,up rail,0,0,0,0,0,Paych,2014,
11,24,ollie,gap,bump to bump,0,0,1,0,0,Paych,2014,park
12,25,fs 5050,rail,handrail,6 flat 8,0,0,0,0,Paych,2014,
13,26,bs 5050,rail,handrail,6 flat 8,0,0,0,0,Paych,2014,
14,27,bs lipslide,rail,handrail,0,0,0,0,0,Paych,2014,
1,1,fs tailslide to fakie,ledge,0,0,0,0,0,1,Bonus Reel,2011,
1,2,sw tre flip,flat,0,0,0,0,1,1,Bonus Reel,2011,
2,3,fs 5050,rail,0,0,0,0,0,0,Bonus Reel,2011,
3,4,kickflip,flat,up curb,0,0,0,0,1,Bonus Reel,2011,
3,5,nollie kickflip,flat,0,0,0,0,1,1,Bonus Reel,2011,
3,6,tre flip,flat,flat gap,0,0,0,0,1,Bonus Reel,2011,
4,7,fs 360,flat,flat gap,0,0,0,0,0,Bonus Reel,2011,
5,8,tre flip,stairs,0,5,0,0,0,1,Bonus Reel,2011,
5,9,fs bigspin,stairs,0,5,0,0,0,1,Bonus Reel,2011,
6,10,bs bigspin,stairs,0,3 flat 3,0,0,0,0,Bonus Reel,2011,
7,11,kickflip,stairs,over rail,12,0,0,0,0,Bonus Reel,2011,
8,12,heelflip,stairs,0,12,0,0,0,0,Bonus Reel,2011,
9,13,sw heelflip,stairs,0,11,0,0,1,0,Bonus Reel,2011,
10,14,fakie fullcab,stairs,0,12,0,0,0,0,Bonus Reel,2011,
11,15,hardflip,gap,0,0,0,0,0,0,Bonus Reel,2011,
12,16,bs boardslide,rail,bump to rail,0,0,1,0,0,Bonus Reel,2011,
13,17,fs 5-0,rail,0,0,0,0,0,0,Bonus Reel,2011,
14,18,fs nosegrind,rail,0,0,0,0,0,0,Bonus Reel,2011,
15,19,bs crook,rail,0,0,0,0,0,0,Bonus Reel,2011,
16,20,fs smith,rail,handrail,2 flat 2,0,0,0,0,Bonus Reel,2011,
17,20,fs smith,rail,handrail,3 flat 2,0,0,0,0,Bonus Reel,2011,
18,21,bs smith,rail,bump to rail,0,0,1,0,0,Bonus Reel,2011,
19,22,bs lipslide,rail,bump to rail,0,0,1,0,0,Bonus Reel,2011,
20,23,kickflip,gap,bump to gap,0,0,1,0,0,Bonus Reel,2011,
21,24,ollie,gap,bump to gap,0,0,1,0,0,Bonus Reel,2011,
22,25,kickflip,stairs,0,12,1,0,0,0,Bonus Reel,2011,
23,26,halfcab to manny to bs 180,manny pad,0,0,0,0,0,1,Bonus Reel,2011,
23,27,sw big heel,flat,0,0,0,0,1,1,Bonus Reel,2011,
23,28,kickflip to bs lipslide,ledge,0,0,0,0,0,1,Bonus Reel,2011,
24,29,bs lipslide,ledge,0,0,0,0,0,0,Bonus Reel,2011,
25,30,ollie,gap,bump to gap,0,0,1,0,1,Bonus Reel,2011,
25,31,fs tailslide,ledge,0,0,0,0,0,1,Bonus Reel,2011,
25,32,ollie,gap,into bank,0,0,1,0,1,Bonus Reel,2011,
26,33,fs shuv,flat,flat gap,0,0,0,0,1,Bonus Reel,2011,
26,34,bs wallride to fs 180,bank,0,0,0,1,0,1,Bonus Reel,2011,
27,35,manny to kickflip,manny pad,0,0,0,0,0,0,Bonus Reel,2011,
28,36,sw bs blunt to regular,ledge,0,0,0,0,1,1,Bonus Reel,2011,
28,37,kickflip to fs tailslide,ledge,0,0,0,0,0,1,Bonus Reel,2011,
28,38,nollie bs kickflip,stairs,0,3,0,0,1,1,Bonus Reel,2011,
29,39,nollie bs kickflip,gap,4 block,0,0,0,1,0,Bonus Reel,2011,
30,40,nollie to bs crook,rail,handrail,10,0,0,1,0,Bonus Reel,2011,
31,41,sw fs bigspin to bs boardslide,rail,handrail,9,0,0,1,1,Bonus Reel,2011,
32,42,fakie fs boardslide,rail,handrail,8,0,0,0,0,Bonus Reel,2011,
33,43,bs smith,rail,handrail,14,0,0,0,0,Bonus Reel,2011,
34,44,fs smith to fs 180,ledge,hubba,10,0,0,0,0,Bonus Reel,2011,
35,45,kickflip to fs 5050,ledge,hubba,10,0,0,0,0,Bonus Reel,2011,
36,46,fs kickflip,gap,into bank,0,0,1,0,0,Bonus Reel,2011,
37,47,hardflip,stairs,0,13,0,0,0,0,Bonus Reel,2011,
38,48,bs lipside,rail,handrail,14,0,0,0,0,Bonus Reel,2011,
39,49,nollie bs heelflip,stairs,0,10,0,0,1,0,Bonus Reel,2011,
40,50,sw fs boardslide to regular,stairs,0,9,0,0,1,0,Bonus Reel,2011,
41,51,sw kickflip,gap,love gap,0,0,0,1,0,Bonus Reel,2011,
1,1,ollie,gap,bump to bump,0,0,1,0,1,PH3,2017,
1,2,bs ollie,transition,0,0,0,1,0,1,PH3,2017,
1,3,fs nosegrab,transition,0,0,0,1,0,1,PH3,2017,
1,4,bs tailslide,transition,0,0,0,1,0,1,PH3,2017,
2,5,fs nosegrab to tailstall,transition,0,0,0,1,0,1,PH3,2017,
2,6,bs melon,transition,0,0,0,1,0,1,PH3,2017,
3,7,fs disaster,transition,0,0,0,1,0,1,PH3,2017,
3,8,indie grab,transition,spine,0,0,1,0,1,PH3,2017,
3,9,fs 5-0,transition,0,0,0,1,0,1,PH3,2017,
4,10,halfcab,transition,into bowl,0,0,1,0,1,PH3,2017,
4,11,fs noseblunt stall,transition,0,0,0,1,0,1,PH3,2017,
5,12,fs boneless,transition,0,0,0,1,0,1,PH3,2017,
5,13,fs ollie,hip,0,0,0,1,0,1,PH3,2017,
6,14,late fs shuv,gap,bump to gap,0,0,1,0,0,PH3,2017,
7,15,late shuv,gap,bump to gap,0,0,1,0,1,PH3,2017,
7,16,fs 180,flat,off curb,0,0,0,0,1,PH3,2017,
7,17,fakie kickflip,flat,0,0,0,0,0,1,PH3,2017,
8,18,fakie tre flip,stairs,0,8,0,0,0,0,PH3,2017,
9,19,nollie tre flip,stairs,0,8,0,0,1,0,PH3,2017,
10,20,nollie kickflip to bs 5050,rail,handrail,8,0,0,1,0,PH3,2017,
11,20,nollie kickflip to bs 5051,rail,handrail,8,0,0,1,0,PH3,2017,