clip-index,trick-index,trick,switch / nollie,line,slowmo,obstacle,obstacle-detailed,location,video,year,notes,crust,,

1,1,bs 180,,1,,flat,,,The Brotherhood,1991,,,,

1,2,fakie bs shove,,1,,flat,,,The Brotherhood,1991,,,,

1,3,fakie bs bigspin,,1,,flat,,,The Brotherhood,1991,entire part filmed in one day,,,

1,4,fs shove,,1,,flat,,,The Brotherhood,1991, ,,, 

1,5,bs bigspin,,1,,flat,,,The Brotherhood,1991, ,,,

1,6,bs shove,,1,,flat,,,The Brotherhood,1991,,,,

1,7,impossible,,1,,flat,,,The Brotherhood,1991,,,,

2,8,nose bonk,,,,flat,to drop,,The Brotherhood,1991,,,,

3,9,bs noseslide,,,,rail,,,The Brotherhood,1991,,,,

4,10,bs 180,,,,stairs,,,The Brotherhood,1991,,,, 

5,11,nose manual,,,,manual pad,to drop,,The Brotherhood,1991,,,, 

6,12,fs tailslide,,,,ledge,out ledge,,The Brotherhood,1991,,,,

7,13,impossible,,,,flat,to drop,,The Brotherhood,1991,all impossibles sort of 360 shove style,,,

8,14,switch boardslide to regular,1,,,ledge,out ledge,,The Brotherhood,1991,,,, 

9,15,bs bigspin,,,,stairs,,,The Brotherhood,1991,,,,

10,16,impossible,,,,stairs,,,The Brotherhood,1991,,,,

11,17,360 flip,,,,stairs,,,The Brotherhood,1991,,,,

12,18,bs 360 ollie,,,,stairs,,,The Brotherhood,1991,,,,

13,19,impossible,,,,stairs,,,The Brotherhood,1991,,,,

14,20,nollie,1,1,,stairs,,,The Brotherhood,1991,,,,

15,21,impossible,,1,,flat,,,The Brotherhood,1991,plus rollaway flat tricks,,,

1,1,bs noseblunt to bs revert,,,,transition,quarter,,Stacked,1991,mostly filmed in same day,,,

2,2,fs noseblunt to bs revert,,,,transition,quarter,,Stacked,1991,,,,

3,3,fs noseblunt to bs nosepick,,,,transition,quarter,,Stacked,1991,quarter in Granny's yard,,,

4,4,fs noseblunt to tailgrab bs shove,,,,transition,quarter,,Stacked,1991,,,,

5,5,bs shove to fs noseblunt to fs revert,,,,transition,quarter,,Stacked,1991,,,,

6,6,fs varial heelflip,,,,flat,,,Stacked,1991,,,,

7,7,fs 180,,,,stairs,,,Stacked,1991,,,,

8,8,ollie late fs shove,,,1,stairs,,,Stacked,1991,,,,

9,9,switch front foot impossible,1,,,stairs,,,Stacked,1991,,,,

10,10,bs 360 ollie,,,,stairs,,,Stacked,1991,,,,

11,11,fs ollie,,,,gap,quarter to quarter,,Stacked,1991, ,,,

12,12,front foot impossible,,,,launch,indoor park,,Stacked,1991,,,,

13,13,fs ollie sal flip,,,,transition,indoor park,,Stacked,1991,,,,

14,14,ollie late fs shove to fakie,,,,transition,indoor park,,Stacked,1991,,,,

15,15,fs ollie late fs shove,,,,transition,indoor park,,Stacked,1991,,,,

16,16,bs bigspin disaster,,1,,transition,mini ramp,,Stacked,1991,,,,

16,17,fs tail stall to fs body varial,,,,transition,mini ramp,,Stacked,1991,,,,

17,18,front foot impossible to fakie,,,,transition,mini ramp,,Stacked,1991,,,,

18,19,fs shove rock to fakie,,,,transition,mini ramp,,Stacked,1991,,,,

19,20,bs bigspin disaster to bs revert,,,,transition,mini ramp,,Stacked,1991,,,,

20,21,fs tail stall to fs body varial,,,,transition,mini ramp,,Stacked,1991,,,,

21,22,bs half cab to bs noseslide,,,,ledge,to drop,,Stacked,1991,,,,

22,23,nose bonk,,1,,ledge,,,Stacked,1991,,,,

22,24,impossible,,1,,flat,to drop,,Stacked,1991,,,,

22,25,ollie late shove,,1,,flat,to drop,,Stacked,1991,,,,

23,26,switch bs boardslide to fs 50-50,,,,ledge,,,Stacked,1991,,,,

24,27,fa varial heelflip,,,,flat,to drop,,Stacked,1991,,,,

25,28,ollie,,,,gap,,,Stacked,1991,,,,

1,1,switch bs noseslide,1,,,ledge,,,Disturbed,1992,shared part,,,

2,2,switch fs 180,1,,,gap,,Carlsbad,Disturbed,1992,not the big Carlsbad gap,,,

3,3,bs noseslide,,,,ledge,,,Disturbed,1992,,,,

4,4,switch kickflip,1,,,flat,street hip,,Disturbed,1992,,,,

5,5,ollie late back foot bs varial kickflip,,,,flat,street hip,,Disturbed,1992,,,,

6,6,bs 180 late kickflip,,,,flat,street hip,,Disturbed,1992,,,,

7,7,bs boardslide,,,,rail,kinked handrail,,Disturbed,1992,also shows slam on bs 50-50 attempt,,,

8,8,ollie  ,,,,gap,,,Disturbed,1992,,,,

9,9,switch bs bluntslide to regular,1,,,ledge,curb,,Disturbed,1992,,,,

10,10,fakie fs nosegrind to bs crooked to fakie,,,,ledge,curb,,Disturbed,1992,,,,

11,11,bs early grab,,,,flat,street hip,,Disturbed,1992,,,,

1,1,nollie bs noseslide,1,,,ledge,hubba,City Hall,Eastern Exposure 2,1994,opening credits,,,

2,2,nollie hardflip,1,,,stairs,,City Hall,Eastern Exposure 2,1994,Sub-Zero team ad,,,

3,3,switch bs 5-0,1,,,ledge,,,Eastern Exposure 2,1994,Eatontown section,,,

4,4,bs kickflip,,1,,flat,,Love Park,Eastern Exposure 2,1994,,,,

4,5,switch bs 5-0 to bs 180,1,1,,ledge,,Love Park,Eastern Exposure 2,1994,,,,

4,6,nollie bs noseslide to fakie,1,1,,ledge,,Love Park,Eastern Exposure 2,1994,,,,

4,7,fakie 360 flip,,1,,flat,,Love Park,Eastern Exposure 2,1994,,,,

5,8,heelflip,,,,stairs,,City Hall,Eastern Exposure 2,1994, ,,,

6,9,pressure flip, ,,,stairs,,City Hall,Eastern Exposure 2,1994,19:55 (maybe inward heel?),,,

7,10,switch bs shove,1,1,,stairs,,City Hall,Eastern Exposure 2,1994,,,,

7,11,fakie fs 5-0,,1,,ledge,,City Hall,Eastern Exposure 2,1994,fakie ollie to switch fs nosegrind?,,,

8,12,switch fs 180,1,,,stairs,,Love Park,Eastern Exposure 2,1994,,,,

9,13,nollie,1,,,stairs,,Love Park,Eastern Exposure 2,1994,,,,

10,14,switch fs shove,1,,,flat,into bank,,Eastern Exposure 2,1994,,,,

11,15,switch bs crooked,1,,,ledge,,Love Park,Eastern Exposure 2,1994,,,,

12,16,fs 180 to switch fs nosegrind,,,,ledge,,Love Park,Eastern Exposure 2,1994,,,,

13,17,switch bs nosegrind to bs 180 ,1,,,ledge,,Love Park,Eastern Exposure 2,1994,,,,

14,1,nollie bs noseslide,1, ,,ledge,hubba,City Hall,Eastern Exposure 2,1994,same as first clip,,,

15,18,switch bs 5-0,1, ,,ledge,out ledge,Love Park,Eastern Exposure 2,1994,,,,

1,1,switch bs 5-0,1,,,ledge,,Love Park,411 #8,1994,,,,

2,2,switch fs 180,1,,,transition,over wall,Brooklyn Banks,411 #8,1994,,,,

3,3,heelflip,,1,,flat,,Love Park,411 #8,1994,,,,

3,4,nollie fs noseslide,1,1,,ledge,,Love Park,411 #8,1994,,,,

4,5,bs 5-0 to bs 180,,,,ledge,,,411 #8,1994,,,,

5,6,switch fs 180 to fs 5-0,1,1,,ledge,,,411 #8,1994,,,,

5,7,nollie fs kickflip,1,1,,flat,,,411 #8,1994,,,,

5,8,switch bs crooked,1,1,,ledge,,,411 #8,1994,,,,

6,9,switch ollie,1,,,gap,over planter,Pulaski,411 #8,1994,,,,

7,10,nollie bs noseslide,1,1,,ledge,hubba,City Hall,411 #8,1994,same trick as in EE2 (but in line),,,

7,11,fs 180 to switch fs nosegrind,,1,,ledge,,City Hall,411 #8,1994,,,,

7,12,switch 360 flip,1,1,,flat,,City Hall,411 #8,1994,,,,

8,13,fs 50-50,,,,rail,handrail,,411 #8,1994,,,,

9,14,switch bs shove,1,1,,flat,,Love Park,411 #8,1994,,,,

9,15,fakie ollie to switch crooked,,1,,ledge,,Love Park,411 #8,1994,,,,

9,16,switch kickflip,1,1,,flat,,Love Park,411 #8,1994,,,,

9,17,switch fs tailslide,1,1,,ledge,,Love Park,411 #8,1994,,,,

1,1,switch bs crooked,1,,,rail,handrail,,Real Life,1994,opening credits,,,

2,2,switch ollie,1,,,gap,bank to bank,,Real Life,1994,opening credits,,,

3,3,switch fs bluntslide,1,,,ledge,,City Hall,Real Life,1994,opening credits,,,

4,4,switch kickflip bs tailslide,1,,,ledge,,Love Park,Real Life,1994,opening credits,,,

5,5,switch fs 180 fs 5-0,1,,,rail,handrail,,Real Life,1994,,,,

6,6,bs 50-50,,,,rail,handrail,,Real Life,1994,,,,

7,7,fs 5-0,,,,rail,handrail,,Real Life,1994,,,,

8,8,fs 50-50,,,,rail,handrail,,Real Life,1994,,,,

9,9,ollie,,1,,flat,over handrail,Muni,Real Life,1994,,,,

9,10,ollie,,1,,flat,onto bench,Muni,Real Life,1994,,,,

9,11,heelflip,,1,,gap,over trash can,Muni,Real Life,1994,,,,

9,12,nollie fs 180,1,1,,flat,,Muni,Real Life,1994,,,,

9,13,switch ollie,1,1,,flat,onto bench,Muni,Real Life,1994,,,,

9,14,switch ollie,1,1,,gap,over trash can,Muni,Real Life,1994,,,,

10,15,switch fs 5-0 to fs tailslide,1,,,ledge,,,Real Life,1994,,,,

11,16,switch bs shove fs nosegrind,1,,,ledge,,Love Park,Real Life,1994,,,,

12,17,switch bs 5-0 to bs shove,1,,,ledge,,Love Park,Real Life,1994, ,,,

13,18,360 flip,,1,,flat,,Love Park,Real Life,1994,,,,

13,19,nollie bs crooked,1,1,,ledge,,Love Park,Real Life,1994,,,,

13,20,nollie bs 180,1,1,,flat,,Love Park,Real Life,1994,,,,

13,21,switch fs 5-0 to fs 180,1,1,,ledge,,Love Park,Real Life,1994,,,,

13,22,heelflip,,1,,flat,,Love Park,Real Life,1994,,,,

14,23,bs nose axel stall,,,,transition,,Afro Banks,Real Life,1994,,,,

15,24,fs pivot to fakie,,,,transition,,Afro Banks,Real Life,1994,,,,

16,25,bs noseblunt,,,,transition,,Afro Banks,Real Life,1994,,,,

17,26,360 flip,,1,,stairs,up stairs,City Hall,Real Life,1994,,,,

17,27,fs kickflip,,1,,stairs,,City Hall,Real Life,1994,,,,

18,28,switch kickflip  ,1,1,,stairs,,City Hall,Real Life,1994,,,,

18,3,switch fs bluntslide,1,1,,ledge,,City Hall,Real Life,1994,same trick as opening credits,,,

19,29,fs 50-50,,,,ledge,hubba,,Real Life,1994,,,,

20,30,360 flip, ,,,gap,flat gap,,Real Life,1994,,,,

21,31,bs shove,,,,gap,flat gap,,Real Life,1994,,,,

22,32,heelflip,,,,gap,over planter,Pulaski,Real Life,1994,,,,

23,33,switch fs lipslide,1,,,rail,handrail,,Real Life,1994,closing credits,,,

24,34,bs tailslide,,,,transition,,Afro Banks,Real Life,1994,closing credits  ,,,

25,35,nollie fs 180 to switch bs 5-0,1,,,ledge,,,Real Life,1994,closing credits,,,

26,36,bs noseslide,,,,ledge, , ,Real Life,1994,closing credits,,,

1,1,nollie fs 5-0,1,1,,ledge, ,Union Square,Thrasher Feats,1994,,,,

1,2,nollie fs 180,1,1,,flat,,Union Square,Thrasher Feats,1994,,,,

1,3,switch bs tailslide,1,1,,ledge,,Union Square,Thrasher Feats,1994,,,,

2,4,360 flip to fakie,,,,bank,,,Thrasher Feats,1994,,,,

3,5,bs kickflip,,,,gap,ramp to ramp,,Thrasher Feats,1994,,,,

4,6,bs shove,,,,gap,street launch,SF Hills,Thrasher Feats,1994,,,,

5,7,nollie fs noseslide,1,,,ledge,,,Thrasher Feats,1994,,,,

6,8,fs 50-50  ,,,,rail,flat rail,,Thrasher Feats,1994,,,,

7,9,switch fs 180,1,,,gap,street gap,,Thrasher Feats,1994,,,,

8,10,switch ollie,1,,,gap, ,SF Hills,Thrasher Feats,1994,,,,

1,1,bs 5-0 to bs 180,,,1,ledge,,,Eastern Exposure 3,1996,,,,

2,2,fs 50-50 to fs 180,,,1,rail,flat rail,,Eastern Exposure 3,1996,,,,

3,3,ollie up to ollie to fs 50-50,,,1,rail,flat rail,Love Park,Eastern Exposure 3,1996,infamous crack trick,,,

4,4,ollie,,,,gap,,,Eastern Exposure 3,1996,,,,

1,1,fs 50-50,,1,,rail,flat rail,,Timecode,1997,,,,

1,2,ollie,,1,,flat,into bank,,Timecode,1997,,,,

1,3,ollie,,1,,gap,over rail into bank,,Timecode,1997,,1,,

1,4,360 flip,,1,,flat,,,Timecode,1997,,,,

2,5,fs 180,,,,gap,over rail into bank,,Timecode,1997,,1,,

3,6,fs 50-50 to fs 180,,,,rail,flat rail,,Timecode,1997,,,,

4,7,fs 50-50,,,,rail,flat rail,,Timecode,1997,,1,,

5,8,switch fs 180 to fs 5-0,1,,,rail,handrail,Love Park,Timecode,1997,,,,

6,9,fs 50-50,,1,,rail,handrail,,Timecode,1997,,,,

6,10,ollie,,1,,flat,,onto car hood,Timecode,1997,,,,

7,11,ollie to fs tailslide,,,,transition,park,FDR,Timecode,1997,first footage of cinched up pants,,,

8,12,kickflip,,,,flat,into bank,,Timecode,1997,,,,

9,13,360 flip,,1,,flat,,,Timecode,1997,,,,

9,14,bs crooked,,1,,ledge,,,Timecode,1997,,,,

9,15,nollie bs kickflip,1,1,,flat,,,Timecode,1997,,,,

10,16,bs 180 to switch bs 5-0,,,,ledge,hubba,,Timecode,1997,SF ledge rail thing,,,

11,17,fs 50-50,,,,rail,flat rail,,Timecode,1997,,,,

12,18,fs noseslide,,,,ledge,,SF Hills,Timecode,1997,,,,

13,19,fs 50-50 to fs 180,,,,rail,flat rail,,Timecode,1997,,,,

14,20,tail drop,,,,bank,into bank,ditch,Timecode,1997, ,,,

15,21,ollie to bs nosepick yank out,,,,bank,bank to wall,ditch,Timecode,1997, ,,,

16,22,ollie,,1,,flat,,SF Hills,Timecode,1997,,,,

16,23,bs 50-50,,1,,ledge,,SF Hills,Timecode,1997,,,,

16,24,fs 180,,1,,flat,,SF Hills,Timecode,1997,,,,

16,25,switch fs 180  ,1,1,,flat,,SF Hills,Timecode,1997,,,,

16,26,ollie,,1,,flat,,SF Hills,Timecode,1997,nearly hit by car at end of hill bomb,,,

17,27,fs 50-50,,,,rail,handrail,,Timecode,1997,,,,

18,28,bs 50-50 to bs 180,,,,ledge,bank to ledge,Brooklyn Banks,Timecode,1997,,,,

19,29,fs 50-50 grind to fs 180,,1,,rail,flat rail,Brooklyn Banks,Timecode,1997,,,,

19,30,switch bs shove,1,1,,flat,,Brooklyn Banks,Timecode,1997,,,,

20,31,bs kickflip,,,,transition,over wall,Brooklyn Banks,Timecode,1997,,,,

21,32,switch fs 5-0,1,,,ledge,hubba,Hubba Hideout,Timecode,1997,,,,

22,33,switch fs 180 to fs 5-0,1,,,ledge,hubba,Hubba Hideout,Timecode,1997,,,,

23,34,switch crooked,1,,1,ledge,hubba,Hubba Hideout,Timecode,1997,"looks like a sw nosegrind, but ruled sw crooked",,,

1,1,nollie bs kicklfip,1,1,,flat,,,411 # 30 AWS Ind.,1998,all of Fred's footage is black & white,,,

1,2,switch 5-0 to fs 180 out,1,1,,ledge,,,411 # 30 AWS Ind.,1998,,,,

2,3,ollie,,,,flat,over rail,into bank,411 # 30 AWS Ind.,1998,,1,,

3,4,switch fs 180,1,,,launch,,,411 # 30 AWS Ind.,1998,,,,

4,5,switch bs lipslide,1,,,rail,flatrail,park,411 # 30 AWS Ind.,1998,,,,

5,6,bs kickflip,,,,hip,,park,411 # 30 AWS Ind.,1998,,,,

6,7,fakie ollie to switch crooked,,,,ledge,,park,411 # 30 AWS Ind.,1998,,,,

7,8,switch fs tailslide to normal,1,,,ledge,,,411 # 30 AWS Ind.,1998,,,,

8,9,switch 5-0 to fs 180 out,1,,,ledge,out ledge,Pyramid Ledges,411 # 30 AWS Ind.,1998,,,,

1,1,switch fs 5-0 to switch fs 180 ,1,,,ledge,,Pyramid Ledges,Zoo York - Peep This,1999,,,,

2,2,ollie,,,,launch,propped up grate,,Zoo York - Peep This,1999,,,,

3,3,bs crooked to fakie,,,,ledge,,,Zoo York - Peep This,1999,,,,

1,1,ollie,,1,,flat,into bank,,Photosynthesis,2000,not including out of focus opening graphic trick,,,

1,2,nollie bs 180,1,1,,flat,,,Photosynthesis,2000,,,,

1,3,switch fs 180 to fs 5-0,1,1,,rail,handrail,,Photosynthesis,2000,,,,

2,4,fs 5-0 grind,,,,ledge,hubba,,Photosynthesis,2000,,,,

3,5,switch crooked to forward,1,,,ledge,to bank to drop,NY Courthouse,Photosynthesis,2000,,,,

4,6,kickflip bs wallride,,,,transition,bank to wall,Brooklyn Banks,Photosynthesis,2000,"different time, TWS cover",,,

5,7,varial heelflip,,,,flat,street hip,,Photosynthesis,2000, ,,,

6,8,switch ollie,1,,,flat,over chain into bank,,Photosynthesis,2000,,1,,

7,8,switch ollie,1,,,flat,over chain into bank,,Photosynthesis,2000,same trick as clip 6,1,,

8,9,switch fs 180 to fs 5-0 to fs 180 ,1,,,ledge,out ledge,,Photosynthesis,2000,,,,

9,10,bs crooked,,,,rail,handrail,,Photosynthesis,2000,,,,

10,11,fs tailslide,,,,rail,flat rail,,Photosynthesis,2000,,1,,

11,12,ollie,,,,gap,into bank,,Photosynthesis,2000,,1,,

12,13,nollie fs 5-0,1,,,ledge,out ledge,Love Park,Photosynthesis,2000,,,,

13,14,bs crooked to fakie,,,,rail,flat rail,,Photosynthesis,2000,,1,,

14,15,nollie hardflip,1,,,gap,over can,Love Park,Photosynthesis,2000,,,,

15,16,switch fs tailslide to forward,1,,,ledge,,,Photosynthesis,2000,,,,

16,17,switch fs tailslide to forward,1,1,,ledge,,,Photosynthesis,2000,,,,

16,18,nollie hardflip,1,1,,stairs,,,Photosynthesis,2000,,,,

17,19,gap to bs 5-0 to bs 180,,,,ledge,gap into,J Kwon,Photosynthesis,2000,,,,

18,20,switch ollie,1,,,gap,flat gap,,Photosynthesis,2000,,,,

19,21,heelflip,,,,gap,,,Photosynthesis,2000,,,,

20,22,nollie,1,1,,gap,,,Photosynthesis,2000,,,,

20,23,nollie bs crooked,1,1,,ledge,,,Photosynthesis,2000,,,,

21,24,nollie fs 180,1,,,gap,over rail,,Photosynthesis,2000,,,,

22,25,switch fs 180 to fs 5-0,1,,,ledge,hubba,,Photosynthesis,2000,,,,

23,26,switch fs 5-0 to fs 180,1,,1,ledge,hubba,,Photosynthesis,2000,,,,

24,27,switch crooked,1,,1,rail,handrail,FL ledge rail thing,Photosynthesis,2000,,,,

1,1,bs 360 ollie,,1,,flat,,,Mosaic,2003,,,,

1,2,bs wallride,,1,,wall,bank to wall,,Mosaic,2003,,1,,

2,3,fs ollie,,,,transition,street quarter,,Mosaic,2003,,,,

3,4,bs tail stall,,,,transition,pool,,Mosaic,2003,,,,

4,5,nollie fs lipslide,1,,,ledge,hubba,,Mosaic,2003,,,,

5,6,switch backside wallride,1,,,wall,down stairs,,Mosaic,2003, ,,,

6,6,switch backside wallride,1,,,wall,down stairs,,Mosaic,2003,fisheye angle of clip 5,,,

7,7,fs wallride,,,1,wall,down stairs,,Mosaic,2003,,,,

8,8,fs lipslide,,1,,ledge,banked ledge,,Mosaic,2003,,,,

8,9,fs ollie,,1,,gap,bank to bank,,Mosaic,2003,,,,

8,10,360 flip,,1,,flat,,,Mosaic,2003,,,,

9,11,switch fs 5-0 to fs tailslide,1,,,ledge,,,Mosaic,2003,,,,

10,12,bs nosepick to yank out,,,,transition,street quarter,,Mosaic,2003,,,,

11,13,switch bs 5-0,1,1,,ledge, ,,Mosaic,2003,,,,

11,14,fakie heelflip,,1,,flat,,,Mosaic,2003,,,,

11,15,switch varial flip,1,1,,stairs,,,Mosaic,2003,,,,

12,16,switch fs 180,1,,,gap,street gap,,Mosaic,2003,,,,

13,17,switch fs 5-0 to fs shove,1,,,ledge,,Pyramid Ledges,Mosaic,2003,,,,

14,18,bs shove,,,,gap,flat gap,,Mosaic,2003,,,,

15,19,fs 5-0 to bs shove,,,,ledge,ride on / into bank,,Mosaic,2003,,,,

16,20,bs lipslide,,,,ledge,launch into,,Mosaic,2003,,,,

17,21,fs boardslide,,,,rail,launch into flat rail,,Mosaic,2003,,1,,

18,22,varial heelflip,,,,transition,street hip,,Mosaic,2003,,,,

19,23,ollie to fs tailslide,,,,ledge,gap to banked ledge,,Mosaic,2003,,,,

20,24,switch fs 180,1,1,,flat,over can / into bank,,Mosaic,2003,,,,

20,25,fs wallride,,1,,wall,bank to wall,,Mosaic,2003,,1,,

21,26,fs ollie,,,,gap,bank to bank,,Mosaic,2003,,,,

22,27,kickflip,,,,gap,into bank,,Mosaic,2003,,,,

23,28,fs bluntslide to fakie,,,,ledge,,,Mosaic,2003,,1,,

24,29,switch fs boardslide fs 180 out,1,,,ledge,hubba,,Mosaic,2003,"log as ""to forward""?",,,

25,30,fs kickflip,,,,transition,park,,Mosaic,2003,,,,

26,31,fs tailslide to fs revert,,,,transition,park, ,Mosaic,2003,,,,

27,32,fs nosebluntslide,,,,transition,park,,Mosaic,2003,,,,

28,33,ollie  ,,,,gap,into bank,,Mosaic,2003,,,,

29,34,switch,1,,,over rail,into bank,,Mosaic,2003,,,,

1,1,fs ollie,,1,,hip,,ditch,Decade of Destruction,2005,,1,,

1,2,fs ollie,,1,,transition,,ditch,Decade of Destruction,2005,,1,,

2,3,fs axel stall,,,,transition,bank to bar,,Decade of Destruction,2005,,1,,

3,4,fs noseblunt transfer,,,,transition,street spine,,Decade of Destruction,2005,,,,

4,5,ollie,,,,gap,into bank,,Decade of Destruction,2005,,1,,

5,6,hippie jump,,,,flat,over rail,,Decade of Destruction,2005,to beer swig,,,

6,7,varial kickflip,,,,flat,flat gap,,Decade of Destruction,2005,,,,

7,8,bs nose pick yank out,,1,,transition,pool,,Decade of Destruction,2005,,,,

7,9,rock to fakie,,,,transition,pool,,Decade of Destruction,2005,,,,

8,10,no comply,,,,bank,flat bank,Brooklyn Banks,Decade of Destruction,2005,,,,

9,11,bs carve,,1,,transition,pool,over light,Decade of Destruction,2005,,,,

9,12,pivot to fakie,,1,,transition,pool,,Decade of Destruction,2005,,,,

10,13,bs 50-50 to fs revert,,,,transition,pool,,Decade of Destruction,2005,,,,

11,14,ollie,,1,,flat,into bank,ditch,Decade of Destruction,2005,,,,

11,15,360 flip,,1,,flat,into bank,ditch,Decade of Destruction,2005,,,,

12,16,drop in,,,,transition,street quarter,,Decade of Destruction,2005,into water,1,,

13,17,bs tailblock,,,,transition,pool,,Decade of Destruction,2005,,,,

14,18,fs disaster,,,,transition,pool,,Decade of Destruction,2005,,,,

15,19,fs wallride,,,,wall,bank to wall,,Decade of Destruction,2005,,1,,

16,20,wallride body varial,,,,wall,bank to wall,,Decade of Destruction,2005,,1,,

17,21,ollie,,,,flat,into bank,,Decade of Destruction,2005,,1,,

18,22,fs shove,,1,,flat,up curb,,Decade of Destruction,2005,,,,

18,23,360 flip,,1,,flat,into bank,,Decade of Destruction,2005,,,,

19,24,fs wallride,,,,wall,bank to wall,,Decade of Destruction,2005, ,1,,

20,25,bs ollie to bs tailslide to fakie,,,,transition,street quarter,to table top,Decade of Destruction,2005,,,,

21,26,bs turn to fs tailslide down,,,,transition,street quarter,,Decade of Destruction,2005, ,,,

22,27,bs 180 to sideways bs disaster,,,,transition,street quarter,,Decade of Destruction,2005,SLAP cover,,,

23,28,bs crooked,,,,rail,flat rail,,Decade of Destruction,2005,,1,,

24,29,fs boardslide to fakie,,,,rail,flat rail,,Decade of Destruction,2005,,1,,

25,30,bs 5-0 to bs shove,,,,ledge,,Flushings,Decade of Destruction,2005,,,,

26,31,noseblunt stall yank out,,1,,bank,into bank,ditch,Decade of Destruction,2005,SLAP cover photo,1,,

27,32,bs 180  ,,1,,bank,flat bank,ditch,Decade of Destruction,2005,,1,,

28,33,rock to fakie,,,,transition,street pipe,,Decade of Destruction,2005,, ,,

29,34,5-0 pivot,,,,transition,street pipe,,Decade of Destruction,2005,,,,

30,35,bs kicklfip,,,,bank,flat bank,,Decade of Destruction,2005,,1,,

31,36,pole jam 50-50 to bs 180,,,,rail,flat rail,,Decade of Destruction,2005,,1,,

32,37,switch drop in,1,,,bank,,,Decade of Destruction,2005,,,,

33,38,fs ollie,,,,flat,into bank,,Decade of Destruction,2005,,1,,

34,39,fs lipslide,,,,transition,street quarter,,Decade of Destruction,2005,,1,,

35,40,bs crooked to fakie,,,,rail,flat rail,up,Decade of Destruction,2005,,,,

36,41,fs boardslide transfer to fakie,,,,rail,flat rail, ,Decade of Destruction,2005,reused in Brutality,,,

37,42,bs ollie  ,,,,transition,quarter to quarter,park,Decade of Destruction,2005,,,,

38,43,ollie up to fs disaster,,,,transition,quarter to quarter,park,Decade of Destruction,2005,,,,

39,44,bs nosebluntslide,,,,ledge,banked ledge,ditch,Decade of Destruction,2005,,,,

40,45,fs crailslide,,,,transition,pool,,Decade of Destruction,2005,,,,

41,46,varial heelflip to fakie,,,,bank,flat bank,,Decade of Destruction,2005, ,1,,

42,47,bs 360 ollie,,,,bank,hip,,Decade of Destruction,2005,,1,,

43,48,sideways rock,,,,transition,street quarter,,Decade of Destruction,2005,,,,

44,49,fs nosegrind,,,,ledge,into bank,,Decade of Destruction,2005,,1,,

45,50,bs 360 ollie,,,,flat,flat gap,,Decade of Destruction,2005,,1,,

46,51,varial heelflip  ,,,,flat,into bank,,Decade of Destruction,2005,,1,,

47,52,ollie,,,,gap,bank to bank,,Decade of Destruction,2005,,1,,

48,53,fs big spin,,,,flat,into bank,,Decade of Destruction,2005,,1,,

49,54,bs noseblunt to bs revert,,,,transition,street quarter,Afro Banks,Decade of Destruction,2005,, ,,

50,55,salflip to fs tail,,,,transition,pool,,Decade of Destruction,2005,,1,,

1,1,Roll in,,1,,bank,into bank,,Inhabitants,2007,,,,

1,2,360 flip,,1,,flat,,,Inhabitants,2007,,,,

1,3,ollie,,1,,gap,bank to bank,,Inhabitants,2007,,1,,

2,3,ollie,,,,gap,bank to bank,,Inhabitants,2007,alternate angle of trick 3,1,,

3,4,switch fs 5-0 to fs tailslide to fs 180,1,,,ledge,,,Inhabitants,2007,,,,

4,5,fs wallride,,,,wall,bank to wall,Barcelona,Inhabitants,2007,,,,

5,6,fs wallride yank out,,,,transition,trans to wall,Barcelona,Inhabitants,2007,,,,

6,7,ollie to fs lipslide,,1,,transition,,Barcelona,Inhabitants,2007,,,,

6,8,fs boneless,,1,,transition,,Barcelona,Inhabitants,2007,,,,

7,9,ollie,,,,gap,into bank,,Inhabitants,2007,,1,,

8,10,switch ollie,1,1,,stairs,up stairs,,Inhabitants,2007,,,,

8,11,switch wallie to switch bs tailslide,1,1,,ledge,banked ledge,,Inhabitants,2007,,,,

9,12,nollie,1,,,stairs,double set,,Inhabitants,2007,,1,,

10,13,bs bluntslide to fakie,,1,,ledge,banked ledge,,Inhabitants,2007,,1,,

10,14,switch fs tailslide to fs revert ,1,1,,ledge,banked ledge,,Inhabitants,2007,,1,,

11,15,kickflip bs 5-0 stall,,,,transition,street halfpipe,,Inhabitants,2007,,,,

12,16,fs noseslide,,1,,ledge,,,Inhabitants,2007,,,,

12,17,fs tailslide,,1,,ledge,bank to / into bank,,Inhabitants,2007,,,,

13,18,fs 5-0 to fs shove,,,,ledge,into bank,,Inhabitants,2007,,,,

14,19,bs wallride to nollie,,,,wall,into bank,,Inhabitants,2007,,,,

15,20,bs axel stall to ollie,,,,ledge,into bank,ditch,Inhabitants,2007,,1,,

16,21,fs 5-0 to bs 180 revert,,,,ledge,banked ledge,,Inhabitants,2007,,,,

17,22,fs shove,,,,gap,bank to bank,,Inhabitants,2007,,,,

18,23,bs bluntslide to bs shove,,,,ledge,into bank,,Inhabitants,2007,,,,

19,24,360 flip,,,,flat,into bank,,Inhabitants,2007,,1,,

20,25,fs nose axel stall to fakie,,,,transition,,,Inhabitants,2007,,1,,

21,26,ollie,,,,gap,bank to bank,,Inhabitants,2007,,,,

22,27,bs wallride  ,,1,,wall,bank to  ,ditch,Inhabitants,2007,,,,

22,28,bs noselide to nollie transfer,,1,,ledge,banked ledge,ditch,Inhabitants,2007,,,,

23,29,bs noselide to nollie transfer fs revert,,,,ledge,banked ledge,ditch,Inhabitants,2007,,,,

24,30,bs shove to bs 5-0 stall,,,,transition,pool, ,Inhabitants,2007,,1,,

25,30,fs noseblunt stall to disaster,,,,transition,pool, ,Inhabitants,2007,,1,,

26,31,bs big flip to disaster,,,,transition,pool, ,Inhabitants,2007,,1,,

27,32,fs boardslide,,1,,ledge,out ledge,,Inhabitants,2007,,,,

28,33,360 flip,,1,,flat,,,Inhabitants,2007,,,,

28,34,bs bluntslide transfer,,1,,ledge,to bank,,Inhabitants,2007,,,,

29,34,bs bluntslide transfer,,,,ledge,to bank,,Inhabitants,2007,alternate angle of trick 34,,,

30,35,bs ollie to tail / nosegrab,,,,transition,pool,,Inhabitants,2007,,,,

31,36,fs ollie,,,,gap,bank to bank,,Inhabitants,2007,,,,

32,37,switch bs bluntslide,1,,,transition,street quarter,,Inhabitants,2007,,,,

33,38,bs axel stall to fakie,,,,transition,street quarter,,Inhabitants,2007,,,,

34,39,wallie to bs tailslide,,,,ledge,to bank,,Inhabitants,2007,,,,

35,40,fs wallride to fs revert,,,,wall,bank to wall,window,Inhabitants,2007,,,,

36,41,fs shove to fakie bs 50-50,,,,transition,street quarter,,Inhabitants,2007,,,,

37,42,ollie,,,,gap,into bank,,Inhabitants,2007,,1,,

38,43,switch fs boardslide,1,,,rail,flat rail,to drop,Inhabitants,2007,,,,

39,44,switch bs crooked,1,,,ledge,out ledge,,Inhabitants,2007,,,,

40,45,fs 180,,,,gap,launch over rail,,Inhabitants,2007,,,,

41,46,wallride to nolle bs bigspin,,,,wall,bank to wall,,Inhabitants,2007,,,,

41,47,fs 5-0 grind to switch bs crooked,,,,ledge,out ledge,,Inhabitants,2007,,,,

42,48,fs ollie,,,,gap,bank to bank,ditch,Inhabitants,2007,,,,

43,49,fs kickflip,,,,transition,street quarter,,Inhabitants,2007,,,,

44,50,bs crooked to fakie,,,,ledge,banked ledge,,Inhabitants,2007,,,,

45,51,fs big spin,,,,gap,bank to bank,,Inhabitants,2007,,,,

46,52,switch fs lipslide,1,,,ledge,banked ledge,,Inhabitants,2007,,,,

47,53,fs noseblunt slide,,,,ledge,bank to / into bank,,Inhabitants,2007,,,,

48,54,bs noseblunt stall,,,,transition,street quarter,,Inhabitants,2007,,,,

49,55,kickflip to bs 5-0 stall to fakie,,,,transition,street quarter,,Inhabitants,2007,,,,

50,56,pivot fakie,,,,transition,quarter,,Inhabitants,2007,,1,,

51,57,bs nosepick yank out,,,,transition,quarter,,Inhabitants,2007,,1,,

52,58,bs bluntslide,,,,ledge,hubba,,Inhabitants,2007,,,,

53,59,bs noseslide to transfer nollie bs shove,,,,ledge,,,Inhabitants,2007,,,,

54,60,blunt transfer to bs 180 to switch bs 50-50,,,,transition,street spine,,Inhabitants,2007,amazing,,,

55,61,switch fs 180,1,,,gap,launch over rail,,Inhabitants,2007,,1,,

56,62,bs noseblunt slide,,,,ledge,banked ledge,,Inhabitants,2007,,,,

57,63,switch fs lipslide,1,,,ledge,banked ledge,,Inhabitants,2007,,,,

58,64,switch bs boardslide to switch fs 180,1,,,rail,flat rail to drop,,Inhabitants,2007,,,,

59,65,fs shove to bs wallride,,,1,wall,bank to wall,,Inhabitants,2007,,,,

60,66,bs boardslide to fakie,,,,rail,flat rail to drop,,Inhabitants,2007,,,,

61,67,wallride rock to fakie,,,,wall,bank to wall,,Inhabitants,2007,,1,,

62,67,wallride rock to fakie,,,,wall,bank to wall,,Inhabitants,2007,alternate angle of trick 67,1,,

63,68,kickflip bs wallride,,,,wall,bank to wall,,Inhabitants,2007,,1,,

1,1,ollie,,,,flat,into bank,,Last of the Mohicans,2008,shared montage part with Ed Selego & Joel Meinholz,1,,

2,2,switch wallie to fs 180,1,1,,wall,bank to wall,,Last of the Mohicans,2008,,,,

2,3,nollie bs 180,1,1,,flat,,,Last of the Mohicans,2008,,,,

2,4,switch ollie,1,1,,flat,into bank,,Last of the Mohicans,2008,,1,,

3,5,fs kicklfip,,,,bank,,,Last of the Mohicans,2008,,1,,

4,6,wallie to bs 5-0 to fs revert ,,,,ledge,banked ledge,,Last of the Mohicans,2008,,,,

5,7,bs wallride to bs boardslide,,,,ledge,out ledge,,Last of the Mohicans,2008,,,,

6,8,fs 50-50,,,,ledge,into bank,,Last of the Mohicans,2008,,,,

7,9,bs 360 ollie,,,,flat,launch,,Last of the Mohicans,2008,,,,

8,10,360 flip,,1,,flat,,,Last of the Mohicans,2008,,1,,

9,11,bs bluntslide,,,,ledge,barrier into,,Last of the Mohicans,2008,,1,,

10,12,switch fs lipslide to fs revert,,,,ledge,banked ledge,,Last of the Mohicans,2008,,,,

11,13,ollie,,1,,gap,into bank,,Last of the Mohicans,2008,,1,,

11,14,wallride to fakie,,1,,wall,bank to wall,,Last of the Mohicans,2008,,1,,

11,15,bs noseblunt stall,,,,transition,street quarter,,Last of the Mohicans,2008,,1,,

12,16,fs tailslide,,1,,ledge,banked ledge,Barcelona,Last of the Mohicans,2008,, ,,

12,17,fs bluntslide to fake,,1,,ledge,banked ledge,Barcelona,Last of the Mohicans,2008,,,,

13,18,nosebonk,,1,,ledge,,,Last of the Mohicans,2008,,,,

13,19,fs boardslide,,1,,ledge,hubba,,Last of the Mohicans,2008,,,,

1,1,drop in to slam,,,,transition,street quarter,,Brutality,2008,opening part of video,,,

2,2,wallie to bs tailslide,,1,,ledge,banked ledge,ditch,Brutality,2008,,1,,

2,3,fs 5-0,,1,,ledge,quarter to quarter,ditch,Brutality,2008,,1,,

2,4,bs bluntslide to fakie,,1,,ledge,quarter to,ditch,Brutality,2008,,1,,

3,5,switch bs bluntslide to fs revert,1,,,ledge,banked ledge,,Brutality,2008,,,,

4,6,bs bluntslide,,,,transition,street quarter,ditch,Brutality,2008,,,,

5,7,blunt fakie,,1,,transition, ,,Brutality,2008,,1,,

5,8,fakie noseblunt,,1,,transition, ,,Brutality,2008,,1,,

6,9,blunt to bs disaster,,,,transition,, ,Brutality,2008,,1,,

7,10,ollie up to fs 5-0 stall,,,,ledge,bank to ledge,,Brutality,2008,,,,

8,11,bs wallride,,1,,transition,quarter,,Brutality,2008,,1,,

8,12,nose manual,,1,,manual pad,banked,,Brutality,2008,,1,,

9,13,50-50 pole jam,,,,pole jam,into bank,,Brutality,2008,,,,

10,14,5-0 pole jam,,,,pole jam,,,Brutality,2008,,1,,

11,15,switch ollie,1,,,gap,into bank,,Brutality,2008,,,,

12,16,fs rock,,,,transition,street quarter,,Brutality,2008,,1,,

13,17,bs disaster,,1,,transition, ,contruction object,Brutality,2008,,,,

14,18,fs disaster,,1,,transition, ,contruction object,Brutality,2008,,,,

15,19,bs pivot to fakie,,,,transition,pool,,Brutality,2008,,,,

16,20,blunt nosegrab to fakie,,,,transition,street quarter,extension,Brutality,2008,,,,

17,20,blunt nosegrab to fakie,,,,transition,street quarter,extension,Brutality,2008,alternate angle of trick 20,,,

18,21,kickflip bs tail stall,,,,transition,street quarter,ditch,Brutality,2008,,1,,

19,22,bs bigspin disaster to bs revert,,,,transition,park,Burnside,Brutality,2008,,,,

20,23,fs ollie,,,,gap,quarter to quarter,,Brutality,2008,log onbstacle as transition?,1,,

21,24,nosegrab fastplant to fakie,,,,transition,quarter to wall,,Brutality,2008,,1,,

22,25,fs ollie to fs wallride,,1,,transition,bank to wall,ditch,Brutality,2008,,1,,

22,26,bs wallride,,1,,wall,bank to wall,ditch,Brutality,2008,,1,,

23,27,ollie  ,,,,gap,into bank,,Brutality,2008,,,,

24,28,fs wallride yank out,,,,wall,bank to wall,,Brutality,2008,,1,,

25,29,wallride to fs boardslide,,,,ledge,bank to wall,,Brutality,2008,,1,,

26,30,bs nosepick yank out,,,,ledge,bank to wall,,Brutality,2008,, ,,

27,31,footplant,,,,flat,launch to,tree,Brutality,2008,,1,,

28,32,bs 180 to bs revert,,,,transition,,ditch,Brutality,2008,,1,,

29,33,switch fs shove to fakie,1,,,transition,,ditch,Brutality,2008,,1,,

30,34,wallie  ,,,,wall,,ditch,Brutality,2008,,1,,

31,35,bs crooked to bs disaster,,,,ledge,banked ledge,,Brutality,2008,,,,

32,36,bs wallride to nollie out,,,,wall,bank to wall,,Brutality,2008,,,,

33,37,bs bluntslide,,1,,ledge,banked ledge,,Brutality,2008,, ,,

33,38,bs 360 ollie,,1,,stairs,,,Brutality,2008,,,,

34,39,bs kickflip,,1,,bank,,,Brutality,2008,, ,,

34,40,bs 360 ollie,,1,,hip,,,Brutality,2008,,,,

35,41,bs 180  ,,,,flat,over flat rail,,Brutality,2008,,1,,

36,42,ollie to fs lipslide,,,,ledge,launch to,,Brutality,2008,,1,,

37,43,bs boardslide transfer,,,,ledge,into bank,,Brutality,2008,,,,

38,44,impossible,,,,flat,into bank,,Brutality,2008,,1,,

39,45,bs ollie,,,,gap,quarter to quarter,,Brutality,2008,,,,

40,46,ollie to fakie,,,,transition,street quarter,,Brutality,2008,,,,

41,47,fs ollie,,,,transition,quarter to quarter,,Brutality,2008,,,,

42,48,fs nosebluntslide,,,,ledge,bank to ledge,,Brutality,2008,,,,

43,49,bs boardslide to fakie,,,,ledge,up ledge,,Brutality,2008,,,,

44,50,gap to fs boardslide,,,,rail,handrail,bank to,Brutality,2008,,,,

45,51,noseblunt stall yank out drop in,,,,transition,pool,,Brutality,2008,,1,,

1,1,switch hill bomb,1,,,flat,,,Frontside Skate Shop,2009,A video from a Colombian skate shop,,,

2,2,fs boardslide,,,,rail,flat rail,from bank,Frontside Skate Shop,2009,,,,

3,3,fs nose axel stall to fakie,,,,transition,pool,,Frontside Skate Shop,2009,,,,

4,4,switch fs 180,1,,,gap,into bank,,Frontside Skate Shop,2009,,1,,

5,5,fs 50-50,,1,,ledge,,,Frontside Skate Shop,2009,,1,,

5,6,nollie 360 flip,1,1,,flat,,,Frontside Skate Shop,2009,,,,

6,7,bs 50-50,,,,ledge,,,Frontside Skate Shop,2009,,1,,

7,8,ollie,,,,gap,ledge to ledge,,Frontside Skate Shop,2009,,1,,

8,9,acid drop,,,,transition,mini ramp,,Frontside Skate Shop,2009,,,,

9,10,fs ollie,,,,flat,into quarter,park,Frontside Skate Shop,2009,,,,

10,11,acid drop,,,,transition,into bank,park,Frontside Skate Shop,2009,,,,

11,12,fs stalefish grab,,,,transition,quarter,park,Frontside Skate Shop,2009,,,,

12,13,ollie to fakie,,,,gap,quarter to quarter,park,Frontside Skate Shop,2009,,,,

13,14,360 flip,,,,transition,bank,,Frontside Skate Shop,2009,,1,,

14,15,ollie,,,,gap,over wall,,Frontside Skate Shop,2009,,,,

15,16,ollie,,,,flat,over rail,,Frontside Skate Shop,2009,,,,

16,17,bs carve,,,,bank, ,,Frontside Skate Shop,2009,,,,

17,18,bs 360 ollie kickflip,,,,transition,hip,park,Frontside Skate Shop,2009,!!!,,,

18,19,switch 360 flip to fakie,1,,,bank,,,Frontside Skate Shop,2009,,,,

19,20,ollie,,,,gap,,,Frontside Skate Shop,2009,,,,

20,21,ollie,,,,gap,into bank,Brooklyn Banks,Frontside Skate Shop,2009,,,,

21,22,switch ollie,1,,,gap,over rail,,Frontside Skate Shop,2009,,,,

22,23,bs wallride,,,,wall,bank to wall,,Frontside Skate Shop,2009,,,,

23,24,bs bluntslide to fakie,,,,ledge,bank to ledge,,Frontside Skate Shop,2009,,,,

24,25,ollie,,1,,flat,over rail,into bank,Frontside Skate Shop,2009,,1,,

24,26,ollie,,1,,bank,over obstacle,into bank,Frontside Skate Shop,2009,,1,,

24,27,ollie,,,,flat,over rail,into bank,Frontside Skate Shop,2009,,1,,

25,28,switch ollie,1,,,flat,over rail,into bank,Frontside Skate Shop,2009,,1,,

26,29,fs 50-50,,,,ledge,,,Frontside Skate Shop,2009,,,,

27,30,fs 50-50 to bs 180,,,,ledge,bank to ledge to bank,,Frontside Skate Shop,2009,,1,,

28,31,fs 5-0 grind,,,,ledge,bank to ledge to bank,,Frontside Skate Shop,2009,,1,,

29,32,fs 5-0 to fs shove,,,,ledge,out ledge,Pyramid Ledges,Frontside Skate Shop,2009,,,,

30,33,bs wallride,,,,wall,up stairs,,Frontside Skate Shop,2009,,,,

31,34,switch fs 180 to fs wallride,,,,wall,down stairs,,Frontside Skate Shop,2009,,,,

32,35,fs wallride to fs revert,,,,wall,bank to wall,,Frontside Skate Shop,2009,,,,

33,36,fs 50-50,,,,ledge,hubba,,Frontside Skate Shop,2009, ,,,

1,1,ollie,,1,,flat,into bank,,Worst Skater of the Year,2010,,1,,

1,2,bs noseblunt to bs revert,,1,,ledge,flatbank,,Worst Skater of the Year,2010,,1,,

2,3,fs tailslide,,,,ledge,,,Worst Skater of the Year,2010,,1,,

3,4,ollie,,,,flat,into bank,,Worst Skater of the Year,2010,,,,

4,5,fs axel stall,,,,transition,street quarter,,Worst Skater of the Year,2010,,1,,

5,6,fs wallride,,,,transition,quarter to wall,fence!,Worst Skater of the Year,2010,,1,,

6,7,fs ollie,,,,gap,bank to bank,,Worst Skater of the Year,2010,,1,,

7,8,ollie fs nose axel stall to fakie,,,,ledge,bank to ledge,,Worst Skater of the Year,2010,,,,

8,9,fs nosebluntslide,,,,ledge,banked ledge,,Worst Skater of the Year,2010,,,,

9,10,switch fs bluntslide to regular,1,,,ledge,banked ledge,Barcelona,Worst Skater of the Year,2010,,,,

10,11,bs bluntslide hip transfer,,,,ledge,banked ledge,Barcelona,Worst Skater of the Year,2010,,,,

11,12,ollie,,1,,flat,gap into bank,,Worst Skater of the Year,2010,,,,

11,13,fs wallride to fs revert,,1,,wall,bank to wall,ditch,Worst Skater of the Year,2010,,,,

12,14,fs slappy,,1,,ledge,curb,,Worst Skater of the Year,2010,, ,,

12,15,360 flip,,1,,flat,,,Worst Skater of the Year,2010,,,,

12,16,bs wallride,,1,,wall,bank to wall,,Worst Skater of the Year,2010,,,,

12,17,nollie bs kickflip,1,1,,flat,,,Worst Skater of the Year,2010,,,,

13,18,wallie the hip to bs tailstall,,,,ledge,bank to ledge,,Worst Skater of the Year,2010,,,,

14,19,bs bluntslide to kickflip,,,,ledge,,,Worst Skater of the Year,2010,,1,,

15,20,bs bluntslide,,,,ledge,bank to ledge to bank,,Worst Skater of the Year,2010,,1,,

16,21,heelflip,,,,flat,flat gap,,Worst Skater of the Year,2010,,1,,

17,22,fs lipslide to fakie,,,,rail,gap to rail,,Worst Skater of the Year,2010, , ,,

18,23,fs tail stall,,,,transition,street quarter,,Worst Skater of the Year,2010,,1,,

19,24,switch fs 5-0,1,,,ledge,into bank,,Worst Skater of the Year,2010,,,,

20,25,bs nosepick yank out,,,,transition,pool,,Worst Skater of the Year,2010,,,,

21,26,bs lipslide to fakie,,,,ledge,,,Worst Skater of the Year,2010,,1,,

22,27,bs boardslide to nollie bs shove transfer,,,,ledge,,,Worst Skater of the Year,2010,,,,

23,28,bs bluntslide,,,,rail,handrail,,Worst Skater of the Year,2010,,,,

24,29,wallie  ,,,,transition,,,Worst Skater of the Year,2010,to bottle smash,1,,

25,30,blunt to fs 180,,,,transition,street quarter,,Worst Skater of the Year,2010,,1,,

26,31,fs wallride yank out,,,,wall,into bank,ditch,Worst Skater of the Year,2010,,,,

27,32,ollie to bs lipslide,,,,ledge,gap to ledge,,Worst Skater of the Year,2010,,,,

28,33,bs noseslide to nollie bs shove transfer,,,,ledge,banked ledge,ditch,Worst Skater of the Year,2010,,1,,

29,34,kickflip bs nose pick,,,,transition,pool,,Worst Skater of the Year,2010,,1,,

30,35,fs ollie,,,,transition,,ditch,Worst Skater of the Year,2010,,1,,

1,1,fs tailslide,,,,ledge,bank to ledge,ditch,Habitat - Origins,2010,tricks not in WSOTY,,,

2,2,fs 50-50,,,,rail,handrail,kinked,Habitat - Origins,2010,tricks not in WSOTY,,,

3,3,fs carve,,,,bank,flat bank,,Habitat - Origins,2010,tricks not in WSOTY,,,

1,1,fs wallride,,,,wall,bank to wall,,The Other Ones,2011,a leftover iPath part,,,

2,2,switch bs bluntslide to regular,1,1,,ledge,banked ledge,,The Other Ones,2011,,,,

2,3,bs 360 ollie,,1,,flat,into bank,,The Other Ones,2011,,,,

3,4,bs tailslide,,,,ledge,banked ledge,,The Other Ones,2011,,,,

4,5,bs wallride,,,,wall,bank to wall,,The Other Ones,2011,,,,

5,6,switch bs boardslide to regular,1,,,transition,pool,,The Other Ones,2011,,,,

6,7,bs pivot to fakie,,,,transition,street quarter,,The Other Ones,2011,,,,

7,8,ns noseblunt,,,,transition,quarter,ditch,The Other Ones,2011,,1,,

8,9,bs bluntslide hip transfer,,,,transition,quarter,park,The Other Ones,2011,,,,

9,10,bs nose pick,,,,transition,quarter,park,The Other Ones,2011,,,,

10,11,bs tailblock,,,,transition,quarter,park,The Other Ones,2011,,1,,

11,12,fs tailslide,,1,,transition,quarter,park,The Other Ones,2011,,1,,

11,13,bs pivot to fakie,,1,,transition,quarter,park,The Other Ones,2011,,1,,

11,14,bs noseblunt,,1,,transition,quarter,park,The Other Ones,2011,,1,,

12,15,fs kickflip,,,1,bank,flatbank,,The Other Ones,2011,, ,,

13,16,foot plant,,,,flat,into bank,,The Other Ones,2011,,1,,

14,17,bs bluntslide  ,,1,,ledge,banked ledge,,The Other Ones,2011,,,,

15,18,kickflip bs pivot to fakie,,,,transition,quarter,park,The Other Ones,2011,,,,

16,19,360 flip,,1,,flat,,,The Other Ones,2011,,,,

16,20,fs boardslide,,1,,ledge,,,The Other Ones,2011,,,,

17,21,bs 180 nosegrind to forward,,,,rail,flat rail,launch into,The Other Ones,2011,another name for this trick?,,,

18,22,ollie,,,,gap,into bank,,The Other Ones,2011,,,,

19,23,drop in,,,,transition,street quarter,,The Other Ones,2011,,,,

19,24,ollie,,,,gap,,,The Other Ones,2011,,,,

20,25,fs kickflip,,,,gap,quarter to quarter,ditch,The Other Ones,2011,,1,,

21,26,wallride rock to fakie,,,,wall,bank to wall,ditch,The Other Ones,2011,,,,

22,27,crooked to fakie,,1,,ledge,bank to ledge,ditch,The Other Ones,2011,,,,

22,28,fakie wallride,,1,,wall,bank to wall,ditch,The Other Ones,2011,,,,

23,29,fs tailslide,,,,ledge,out ledge,banked,The Other Ones,2011,, ,,

24,30,switch bs boardslide to regular,1,,,ledge,out ledge,,The Other Ones,2011,,,,

25,31,nollie bs kickflip,1,1,,flat,,,The Other Ones,2011,,,,

25,32,switch crooked to regular,1,1,,ledge,,,The Other Ones,2011,,,,

26,33,switch wallride to bs boardslide to regular,1,,,ledge,bank to wall to ledge,,The Other Ones,2011,,,,

27,34,fs wallride to fs disaster,,,,wall,bank to wall  ,,The Other Ones,2011,,1,,

28,35,bs boardsllide transfer,,,,rail,flat rail,into bank,The Other Ones,2011,,,,

29,36,bs tail block,,,,transition,pool,,The Other Ones,2011,,,,

30,37,blunt to rock to fakie,,,,transition,street half pipe,,The Other Ones,2011,,,,

31,38,ollie,,,,flat,into bank,,The Other Ones,2011,,,,

32,38,ollie,,,,flat,into bank,,The Other Ones,2011,alternate angle of trick 38,,,

33,39,kickflip bs tailstall bs revert,,,,transition,street quarter,,The Other Ones,2011,,,,

34,40,sal flip fast plant to fakie,,,1,transition,street quarter,,The Other Ones,2011,,,,

35,41,switch bs crooked to regular,1,,,ledge,out ledge,,The Other Ones,2011,,,,

36,42,bs pivot to fakie,,,,transition,street half pipe,,The Other Ones,2011,,,,

1,1,no comply,,,,gap,into bank,,Welcome to Seasons,2011,"clips in part previously in Other Ones, WSOTY",1,,

2,2,kickflip,,,,gap,flat gap,roof gap,Welcome to Seasons,2011,, ,,

3,3,nose manual,,,,flat,into bank,,Welcome to Seasons,2011,,,,

4,4,bs smith stall,,,,transition,pool,,Welcome to Seasons,2011,clips in part used again in Sober?, ,,

5,5,switch fs boardslide to forward,1,,,transition,pool,,Welcome to Seasons,2011,,,,

6,6,switch fs 5-0,1,,,ledge,into bank,,Welcome to Seasons,2011,,,,

7,7,switch fs bluntslide to forward,1,,,ledge,,,Welcome to Seasons,2011,,1,,

1,1,ollie,,,,flat,into bank,,Real Street,2012,to slam,,,

2,2,fs roll in,,,,transition,,,Real Street,2012,holding beer,1,,

3,3,roll on fs tailslide to drop in,,1,,transition,pool,,Real Street,2012,,1,,

3,4,bs nosepick yank out,,1,,transition,pool,,Real Street,2012,,,,

4,5,bs tail block,,,,transition,pool,,Real Street,2012,,,,

5,6,sal flip fs disaster,,,,transition,,ditch,Real Street,2012,,1,,

6,7,bs disaster,,,,transition,street half pipe,,Real Street,2012,,,,

7,8,fs roll in,,,,gap,into bank,NYC,Real Street,2012,,1,,

8,9,blunt to nose axel stall,,,,ledge,banked ledge,,Real Street,2012,,,,

9,10,switch crooked to regular,1,,,ledge,,,Real Street,2012,,,,

10,11,crooked to fakie,,,,ledge,bank to ledge,,Real Street,2012,,,,

11,12,fs shove,,1,,flat,,,Real Street,2012,,,,

11,13,bs wallride,,1,,wall,bank to wall,,Real Street,2012,,1,,

11,14,bs 360 ollie,,1,,flat,off curb,,Real Street,2012,,,,

12,15,bs bluntslide transfer,,,,rail,handrail,into bank,Real Street,2012,,,,

13,16,fs boneless,,,,transition,,ditch,Real Street,2012,,1,,

14,17,ollie,,,,gap,into bank,,Real Street,2012,,1,,

15,18,fs kicklfip,,,,transition,,ditch,Real Street,2012,,,,

1,1,boneless,,,,flat,into bank,,Sober?,2012,,,,

2,2,bs 5-0 to bs 180,,,,ledge,bank to ledge,into bank,Sober?,2012,,,,

3,3,bs bluntslide,,,,ledge,bank to ledge to bank,,Sober?,2012,alternate angle of trick 20 from WSOTY ,,,

4,4,bs crooked to fakie,,,,transition,pool,over stairs,Sober?,2012,,,,

5,5,fs 5-0  ,,,,transition,pool,,Sober?,2012,,,,

6,6,fastplant to fakie,,,,transition,street half pipe,,Sober?,2012,,,,

7,7,bs wallride,,1,,transition,,,Sober?,2012,,1,,

7,8,bs pivot to fakie,,1,,transition,,,Sober?,2012,,1,,

8,9,fs wallride,,,,wall,bank to wall,,Sober?,2012,,,,

9,10,fs wallride,,1,,transition,quarter to wall,Shortys,Sober?,2012,,1,,

9,11,fs bluntslide,,1,,ledge,banked ledge,Shortys,Sober?,2012,,1,,

9,12,360 flip,,,,flat,,Shortys,Sober?,2012,,1,,

10,13,fs hurricane grind,,,,ledge,banked ledge,Shortys,Sober?,2012,,1,,

1,1,switch fs 180 to fs 5-0 grind,1,,,ledge,bank to ledge,NYC,Habitat - Search the Horizon,2013,,,,

2,2,fs 5-0 grind to fakie,,,,ledge,banked ledge,,Habitat - Search the Horizon,2013,,,,

3,3,bs bluntslide,,,,ledge,banked ledge,,Habitat - Search the Horizon,2013,,,,

1,1,nollie hardlfip,1,,,stairs,,City Hall,Dirts Win,2013,year estimate: 1994,,,

2,2,fs kickflip,,,,gap,,Pulaski,Dirts Win,2013,year estimate: 1995,,,

3,3,bs 180 to switch 5-0 ,,,,ledge,,Love Park,Dirts Win,2013,year estimate: 1994,,,

4,4,pressure flip,,,,gap,,Pulaski,Dirts Win,2013,year estimate: 1995,,,

5,5,fs noseslide,,,,ledge,,,Dirts Win,2013,year estimate: 2000,,,

6,6,noseblunt yank out drop in,,,,bank,drop in,,Dirts Win,2013,year estimate: 2007,,,

7,7,switch 360 flip,1,,,bank,flat bank,Brooklyn Banks,Dirts Win,2013,year estimate: 2007,,,

8,8,air to fs axel stall yank out,,,,transition,,,Dirts Win,2013,year estimate: 2007,1,,

9,9,fs boardslide,,,,rail,flat rail,down,Dirts Win,2013,year estimate: 2000,,,

10,10,switch bs boardslide,1,,,rail,flat rail,down,Dirts Win,2013,year estimate: 2000,,,

11,11,switch ollie,1,,,gap,over fence,,Dirts Win,2013,year estimate: 2000,,,

12,12,fs tailslide to fs revert,,,,transition,park,,Dirts Win,2013,Mosaic trick 31 alternate take - 2003,,,

13,13,ollie,,1,,gap,bank to bank,,Dirts Win,2013,year estimate: 2004,1,,

13,14,nollie bs kicklfip,1,1,,flat,,,Dirts Win,2013,year estimate: 2004,1,,

14,15,switch crooked,1,,,rail,handrail,FL ledge rail,Dirts Win,2013,Alternate angle of Photosynthesis ender - 2000,, ,

15,16,bs kickflip to fs tailslide down,,,,transition,street quarter,,Dirts Win,2013,year estimate: 2012,,,

16,17,bs half cab to noseslide,,,,ledge,out ledge,,Dirts Win,2013,year estimate: 2005,,,

1,1,fs wallride,,,,wall,bank to wall,,Domestics,2013,alternate take of Sober? trick 10,,,

2,2,heelflip,,1,,flat,,,Domestics,2013,,,,

2,3,bs wallride,,1,,bank to bank,,,Domestics,2013,,,,

3,4,switch crooked to normal,1,,,rail,flat rail,into bank,Domestics,2013,,,,

4,5,ollie,,,,flat,over rail,,Domestics,2013,,1,,

5,6,rock n roll,,,,transition,pool,,Domestics,2013,,,,

6,7,bs 180 to switch 5-0 stall to bs revert,,,,transition,street quarter,ditch,Domestics,2013,,1,,

7,8,bs kickflip to noseblunt to bs revert,,,,transition,street quarter,ditch,Domestics,2013,,1,,

8,9,noseblunt stall yank out,,,,transition,street quarter,,Domestics,2013,literally in bed of dump truck,1,,

9,10,fs 50-50,,,,rail,handrail,,Domestics,2013,,,,

10,11,nosegrab fast plant to fakie,,,,transition,street quarter,,Domestics,2013,,1,,

11,12,no comply,,1,,curb,,,Domestics,2013,,1,,

11,13,ollie,,1,,flat,flat gap,,Domestics,2013,,1,,

11,14,fs roll in,,1,,transition,pool,,Domestics,2013,,1,,

12,15,ollie,,,,gap,flat gap,into bank,Domestics,2013,"clips in this reused later in Sober?, OJ Wheels.",,,

13,16,fakie kickflip,,,,transition,pool,,Domestics,2013,"clips in this from previous vids Real Street, Dirts Win",1,,

1,1,bs bluntslide,,,,transition,street quarter,ditch,OJ Wheels,2015,clips duplicated in Real Street not logged here (5 tricks),1,,

2,2,bean plant to fakie,,,,transition,street halfpipe,ditch,OJ Wheels,2015,,1,,

3,3,fakie kicklfip,,,,transition,pool,,OJ Wheels,2015,,1,,

4,4,switch bs crooked to forward,,,,rail,flat rail,to bank,OJ Wheels,2015,,1,,

5,5,bs carve,,1, ,transition,pool,,OJ Wheels,2015,several of these,,,

5,6,bs carve to fs revert,,1,,transition,pool,,OJ Wheels,2015, ,,,

6,7,bs wallride,,,,wall,bank to wall,,OJ Wheels,2015,,1,,

7,8,fs shove to blunt to fakie,,,,transition,street quarter,ditch,OJ Wheels,2015,,1,,

8,9,bs 180 to switch 5-0 stall to bs revert,,,,transition,street quarter,ditch,OJ Wheels,2015,,1,,

9,10,switch bs boardslide to forward,1,,,transition,street quarter,,OJ Wheels,2015,,1,,

10,11,bs bluntslide to fakie,,,,ledge,banked ledge,,OJ Wheels,2015,,,,

11,12,bs wallride,,,,wall,quarter to wall,,OJ Wheels,2015,,1,,

12,12,bs wallride,,, ,wall,quarter to wall,,OJ Wheels,2015,alternate take of trick 14,1,,

13,13,fs kickflip,,,,transition,quarter to quarter,,OJ Wheels,2015,,1,,

14,14,fs ollie to fs tailslide,,1,,ledge,banked ledge,gap to,OJ Wheels,2015,,1,,

14,15,hippie jump,,1,,flat,,,OJ Wheels,2015,,1,,

15,16,noseblunt stall yank out,,,,transition,into quarter,ditch,OJ Wheels,2015,,1,,

16,17,kickflip to bs wallride,,,,wall,down stairs,,OJ Wheels,2015,slam,,,